-- phpMyAdmin SQL Dump
-- version 3.5.3
-- http://www.phpmyadmin.net
--
-- Host: localhost
-- Erstellungszeit: 07. Sep 2014 um 23:47
-- Server Version: 10.0.13-MariaDB-log
-- PHP-Version: 5.5.16-pl0-gentoo

SET SQL_MODE="NO_AUTO_VALUE_ON_ZERO";
SET time_zone = "+00:00";


/*!40101 SET @OLD_CHARACTER_SET_CLIENT=@@CHARACTER_SET_CLIENT */;
/*!40101 SET @OLD_CHARACTER_SET_RESULTS=@@CHARACTER_SET_RESULTS */;
/*!40101 SET @OLD_COLLATION_CONNECTION=@@COLLATION_CONNECTION */;
/*!40101 SET NAMES utf8 */;

--
-- Datenbank: `camerata_redaxoupgrade`
--

-- --------------------------------------------------------

--
-- Tabellenstruktur für Tabelle `rex_62_params`
--

CREATE TABLE IF NOT EXISTS `rex_62_params` (
  `field_id` int(10) unsigned NOT NULL AUTO_INCREMENT,
  `title` varchar(255) DEFAULT NULL,
  `name` varchar(255) DEFAULT NULL,
  `prior` int(10) unsigned NOT NULL,
  `attributes` text NOT NULL,
  `type` int(10) unsigned DEFAULT NULL,
  `default` varchar(255) NOT NULL,
  `params` text,
  `validate` varchar(255) DEFAULT NULL,
  `restrictions` text NOT NULL,
  `createuser` varchar(255) NOT NULL,
  `createdate` int(11) NOT NULL,
  `updateuser` varchar(255) NOT NULL,
  `updatedate` int(11) NOT NULL,
  PRIMARY KEY (`field_id`),
  UNIQUE KEY `name` (`name`)
) ENGINE=MyISAM  DEFAULT CHARSET=utf8 AUTO_INCREMENT=12 ;

--
-- Daten für Tabelle `rex_62_params`
--

INSERT INTO `rex_62_params` (`field_id`, `title`, `name`, `prior`, `attributes`, `type`, `default`, `params`, `validate`, `restrictions`, `createuser`, `createdate`, `updateuser`, `updatedate`) VALUES
(1, 'translate:pool_file_description', 'med_description', 1, '', 2, '', '', '', '', 'admin', 1189343866, 'admin', 1189344596),
(2, 'translate:pool_file_copyright', 'med_copyright', 2, '', 1, '', '', '', '', 'admin', 1189343877, 'admin', 1189344617),
(3, 'translate:online_from', 'art_online_from', 1, '', 10, '', '', '', '', 'admin', 1189344934, 'admin', 1189344934),
(4, 'translate:online_to', 'art_online_to', 2, '', 10, '', '', '', '', 'admin', 1189344947, 'admin', 1189344947),
(5, 'translate:description', 'art_description', 3, '', 2, '', '', '', '', 'admin', 1189345025, 'admin', 1189345025),
(6, 'translate:keywords', 'art_keywords', 4, '', 2, '', '', '', '', 'admin', 1189345068, 'admin', 1189345068),
(7, 'translate:metadata_image', 'art_file', 5, '', 6, '', '', '', '', 'admin', 1189345109, 'admin', 1189345109),
(8, 'translate:teaser', 'art_teaser', 6, '', 5, '', '', '', '', 'admin', 1189345182, 'admin', 1189345182),
(9, 'translate:header_article_type', 'art_type_id', 7, 'size=1', 3, '', 'Standard|Zugriff fuer alle', '', '', 'admin', 1191963797, 'admin', 1191964038),
(10, 'Hauptkategorie', 'cat_type', 1, '', 5, '', '', '', '', 'admin', 1258130095, 'admin', 1259154208),
(11, 'Anzeigen im Menu', 'cat_menu', 2, '', 3, '1', '1:Hauptmenu|2:Footermenu|3:Kontaktmenu', '', '', 'admin', 1259154178, 'admin', 1259154608);

-- --------------------------------------------------------

--
-- Tabellenstruktur für Tabelle `rex_62_type`
--

CREATE TABLE IF NOT EXISTS `rex_62_type` (
  `id` int(10) unsigned NOT NULL AUTO_INCREMENT,
  `label` varchar(255) DEFAULT NULL,
  `dbtype` varchar(255) NOT NULL,
  `dblength` int(11) NOT NULL,
  PRIMARY KEY (`id`)
) ENGINE=MyISAM  DEFAULT CHARSET=utf8 AUTO_INCREMENT=14 ;

--
-- Daten für Tabelle `rex_62_type`
--

INSERT INTO `rex_62_type` (`id`, `label`, `dbtype`, `dblength`) VALUES
(1, 'text', 'text', 0),
(2, 'textarea', 'text', 0),
(3, 'select', 'varchar', 255),
(4, 'radio', 'varchar', 255),
(5, 'checkbox', 'varchar', 255),
(10, 'date', 'text', 0),
(11, 'datetime', 'text', 0),
(12, 'legend', 'text', 0),
(6, 'REX_MEDIA_BUTTON', 'varchar', 255),
(7, 'REX_MEDIALIST_BUTTON', 'text', 0),
(8, 'REX_LINK_BUTTON', 'varchar', 255),
(9, 'REX_LINKLIST_BUTTON', 'text', 0),
(13, 'time', 'text', 0);

-- --------------------------------------------------------

--
-- Tabellenstruktur für Tabelle `rex_679_types`
--

CREATE TABLE IF NOT EXISTS `rex_679_types` (
  `id` int(11) NOT NULL AUTO_INCREMENT,
  `status` int(11) NOT NULL,
  `name` varchar(255) NOT NULL,
  `description` varchar(255) NOT NULL,
  PRIMARY KEY (`id`)
) ENGINE=MyISAM  DEFAULT CHARSET=utf8 AUTO_INCREMENT=7 ;

--
-- Daten für Tabelle `rex_679_types`
--

INSERT INTO `rex_679_types` (`id`, `status`, `name`, `description`) VALUES
(1, 1, 'rex_mediapool_detail', 'Zur Darstellung von Bildern in der Detailansicht im Medienpool'),
(2, 1, 'rex_mediapool_maximized', 'Zur Darstellung von Bildern im Medienpool wenn maximiert'),
(3, 1, 'rex_mediapool_preview', 'Zur Darstellung der Vorschaubilder im Medienpool'),
(4, 1, 'rex_mediabutton_preview', 'Zur Darstellung der Vorschaubilder in REX_MEDIA_BUTTON[]s'),
(5, 1, 'rex_medialistbutton_preview', 'Zur Darstellung der Vorschaubilder in REX_MEDIALIST_BUTTON[]s'),
(6, 1, 'gallery_overview', 'Zur Anzeige der Screenshot-Gallerie');

-- --------------------------------------------------------

--
-- Tabellenstruktur für Tabelle `rex_679_type_effects`
--

CREATE TABLE IF NOT EXISTS `rex_679_type_effects` (
  `id` int(11) NOT NULL AUTO_INCREMENT,
  `type_id` int(11) NOT NULL,
  `effect` varchar(255) NOT NULL,
  `parameters` text NOT NULL,
  `prior` int(11) NOT NULL,
  `updatedate` int(11) NOT NULL,
  `updateuser` varchar(255) NOT NULL,
  `createdate` int(11) NOT NULL,
  `createuser` varchar(255) NOT NULL,
  PRIMARY KEY (`id`)
) ENGINE=MyISAM  DEFAULT CHARSET=utf8 AUTO_INCREMENT=7 ;

--
-- Daten für Tabelle `rex_679_type_effects`
--

INSERT INTO `rex_679_type_effects` (`id`, `type_id`, `effect`, `parameters`, `prior`, `updatedate`, `updateuser`, `createdate`, `createuser`) VALUES
(1, 1, 'resize', 'a:6:{s:15:"rex_effect_crop";a:5:{s:21:"rex_effect_crop_width";s:0:"";s:22:"rex_effect_crop_height";s:0:"";s:28:"rex_effect_crop_offset_width";s:0:"";s:29:"rex_effect_crop_offset_height";s:0:"";s:24:"rex_effect_crop_position";s:13:"middle_center";}s:22:"rex_effect_filter_blur";a:3:{s:29:"rex_effect_filter_blur_amount";s:2:"80";s:29:"rex_effect_filter_blur_radius";s:1:"8";s:32:"rex_effect_filter_blur_threshold";s:1:"3";}s:25:"rex_effect_filter_sharpen";a:3:{s:32:"rex_effect_filter_sharpen_amount";s:2:"80";s:32:"rex_effect_filter_sharpen_radius";s:3:"0.5";s:35:"rex_effect_filter_sharpen_threshold";s:1:"3";}s:15:"rex_effect_flip";a:1:{s:20:"rex_effect_flip_flip";s:1:"X";}s:23:"rex_effect_insert_image";a:5:{s:34:"rex_effect_insert_image_brandimage";s:0:"";s:28:"rex_effect_insert_image_hpos";s:5:"right";s:28:"rex_effect_insert_image_vpos";s:6:"bottom";s:33:"rex_effect_insert_image_padding_x";s:3:"-10";s:33:"rex_effect_insert_image_padding_y";s:3:"-10";}s:17:"rex_effect_resize";a:4:{s:23:"rex_effect_resize_width";s:3:"200";s:24:"rex_effect_resize_height";s:3:"200";s:23:"rex_effect_resize_style";s:7:"maximum";s:31:"rex_effect_resize_allow_enlarge";s:11:"not_enlarge";}}', 1, 0, '', 0, ''),
(2, 2, 'resize', 'a:6:{s:15:"rex_effect_crop";a:5:{s:21:"rex_effect_crop_width";s:0:"";s:22:"rex_effect_crop_height";s:0:"";s:28:"rex_effect_crop_offset_width";s:0:"";s:29:"rex_effect_crop_offset_height";s:0:"";s:24:"rex_effect_crop_position";s:13:"middle_center";}s:22:"rex_effect_filter_blur";a:3:{s:29:"rex_effect_filter_blur_amount";s:2:"80";s:29:"rex_effect_filter_blur_radius";s:1:"8";s:32:"rex_effect_filter_blur_threshold";s:1:"3";}s:25:"rex_effect_filter_sharpen";a:3:{s:32:"rex_effect_filter_sharpen_amount";s:2:"80";s:32:"rex_effect_filter_sharpen_radius";s:3:"0.5";s:35:"rex_effect_filter_sharpen_threshold";s:1:"3";}s:15:"rex_effect_flip";a:1:{s:20:"rex_effect_flip_flip";s:1:"X";}s:23:"rex_effect_insert_image";a:5:{s:34:"rex_effect_insert_image_brandimage";s:0:"";s:28:"rex_effect_insert_image_hpos";s:5:"right";s:28:"rex_effect_insert_image_vpos";s:6:"bottom";s:33:"rex_effect_insert_image_padding_x";s:3:"-10";s:33:"rex_effect_insert_image_padding_y";s:3:"-10";}s:17:"rex_effect_resize";a:4:{s:23:"rex_effect_resize_width";s:3:"600";s:24:"rex_effect_resize_height";s:3:"600";s:23:"rex_effect_resize_style";s:7:"maximum";s:31:"rex_effect_resize_allow_enlarge";s:11:"not_enlarge";}}', 1, 0, '', 0, ''),
(3, 3, 'resize', 'a:6:{s:15:"rex_effect_crop";a:5:{s:21:"rex_effect_crop_width";s:0:"";s:22:"rex_effect_crop_height";s:0:"";s:28:"rex_effect_crop_offset_width";s:0:"";s:29:"rex_effect_crop_offset_height";s:0:"";s:24:"rex_effect_crop_position";s:13:"middle_center";}s:22:"rex_effect_filter_blur";a:3:{s:29:"rex_effect_filter_blur_amount";s:2:"80";s:29:"rex_effect_filter_blur_radius";s:1:"8";s:32:"rex_effect_filter_blur_threshold";s:1:"3";}s:25:"rex_effect_filter_sharpen";a:3:{s:32:"rex_effect_filter_sharpen_amount";s:2:"80";s:32:"rex_effect_filter_sharpen_radius";s:3:"0.5";s:35:"rex_effect_filter_sharpen_threshold";s:1:"3";}s:15:"rex_effect_flip";a:1:{s:20:"rex_effect_flip_flip";s:1:"X";}s:23:"rex_effect_insert_image";a:5:{s:34:"rex_effect_insert_image_brandimage";s:0:"";s:28:"rex_effect_insert_image_hpos";s:5:"right";s:28:"rex_effect_insert_image_vpos";s:6:"bottom";s:33:"rex_effect_insert_image_padding_x";s:3:"-10";s:33:"rex_effect_insert_image_padding_y";s:3:"-10";}s:17:"rex_effect_resize";a:4:{s:23:"rex_effect_resize_width";s:2:"80";s:24:"rex_effect_resize_height";s:2:"80";s:23:"rex_effect_resize_style";s:7:"maximum";s:31:"rex_effect_resize_allow_enlarge";s:11:"not_enlarge";}}', 1, 0, '', 0, ''),
(4, 4, 'resize', 'a:6:{s:15:"rex_effect_crop";a:5:{s:21:"rex_effect_crop_width";s:0:"";s:22:"rex_effect_crop_height";s:0:"";s:28:"rex_effect_crop_offset_width";s:0:"";s:29:"rex_effect_crop_offset_height";s:0:"";s:24:"rex_effect_crop_position";s:13:"middle_center";}s:22:"rex_effect_filter_blur";a:3:{s:29:"rex_effect_filter_blur_amount";s:2:"80";s:29:"rex_effect_filter_blur_radius";s:1:"8";s:32:"rex_effect_filter_blur_threshold";s:1:"3";}s:25:"rex_effect_filter_sharpen";a:3:{s:32:"rex_effect_filter_sharpen_amount";s:2:"80";s:32:"rex_effect_filter_sharpen_radius";s:3:"0.5";s:35:"rex_effect_filter_sharpen_threshold";s:1:"3";}s:15:"rex_effect_flip";a:1:{s:20:"rex_effect_flip_flip";s:1:"X";}s:23:"rex_effect_insert_image";a:5:{s:34:"rex_effect_insert_image_brandimage";s:0:"";s:28:"rex_effect_insert_image_hpos";s:5:"right";s:28:"rex_effect_insert_image_vpos";s:6:"bottom";s:33:"rex_effect_insert_image_padding_x";s:3:"-10";s:33:"rex_effect_insert_image_padding_y";s:3:"-10";}s:17:"rex_effect_resize";a:4:{s:23:"rex_effect_resize_width";s:3:"246";s:24:"rex_effect_resize_height";s:3:"246";s:23:"rex_effect_resize_style";s:7:"maximum";s:31:"rex_effect_resize_allow_enlarge";s:11:"not_enlarge";}}', 1, 0, '', 0, ''),
(5, 5, 'resize', 'a:6:{s:15:"rex_effect_crop";a:5:{s:21:"rex_effect_crop_width";s:0:"";s:22:"rex_effect_crop_height";s:0:"";s:28:"rex_effect_crop_offset_width";s:0:"";s:29:"rex_effect_crop_offset_height";s:0:"";s:24:"rex_effect_crop_position";s:13:"middle_center";}s:22:"rex_effect_filter_blur";a:3:{s:29:"rex_effect_filter_blur_amount";s:2:"80";s:29:"rex_effect_filter_blur_radius";s:1:"8";s:32:"rex_effect_filter_blur_threshold";s:1:"3";}s:25:"rex_effect_filter_sharpen";a:3:{s:32:"rex_effect_filter_sharpen_amount";s:2:"80";s:32:"rex_effect_filter_sharpen_radius";s:3:"0.5";s:35:"rex_effect_filter_sharpen_threshold";s:1:"3";}s:15:"rex_effect_flip";a:1:{s:20:"rex_effect_flip_flip";s:1:"X";}s:23:"rex_effect_insert_image";a:5:{s:34:"rex_effect_insert_image_brandimage";s:0:"";s:28:"rex_effect_insert_image_hpos";s:5:"right";s:28:"rex_effect_insert_image_vpos";s:6:"bottom";s:33:"rex_effect_insert_image_padding_x";s:3:"-10";s:33:"rex_effect_insert_image_padding_y";s:3:"-10";}s:17:"rex_effect_resize";a:4:{s:23:"rex_effect_resize_width";s:3:"246";s:24:"rex_effect_resize_height";s:3:"246";s:23:"rex_effect_resize_style";s:7:"maximum";s:31:"rex_effect_resize_allow_enlarge";s:11:"not_enlarge";}}', 1, 0, '', 0, ''),
(6, 6, 'resize', 'a:6:{s:15:"rex_effect_crop";a:5:{s:21:"rex_effect_crop_width";s:0:"";s:22:"rex_effect_crop_height";s:0:"";s:28:"rex_effect_crop_offset_width";s:0:"";s:29:"rex_effect_crop_offset_height";s:0:"";s:24:"rex_effect_crop_position";s:13:"middle_center";}s:22:"rex_effect_filter_blur";a:3:{s:29:"rex_effect_filter_blur_amount";s:2:"80";s:29:"rex_effect_filter_blur_radius";s:1:"8";s:32:"rex_effect_filter_blur_threshold";s:1:"3";}s:25:"rex_effect_filter_sharpen";a:3:{s:32:"rex_effect_filter_sharpen_amount";s:2:"80";s:32:"rex_effect_filter_sharpen_radius";s:3:"0.5";s:35:"rex_effect_filter_sharpen_threshold";s:1:"3";}s:15:"rex_effect_flip";a:1:{s:20:"rex_effect_flip_flip";s:1:"X";}s:23:"rex_effect_insert_image";a:5:{s:34:"rex_effect_insert_image_brandimage";s:0:"";s:28:"rex_effect_insert_image_hpos";s:5:"right";s:28:"rex_effect_insert_image_vpos";s:6:"bottom";s:33:"rex_effect_insert_image_padding_x";s:3:"-10";s:33:"rex_effect_insert_image_padding_y";s:3:"-10";}s:17:"rex_effect_resize";a:4:{s:23:"rex_effect_resize_width";s:3:"250";s:24:"rex_effect_resize_height";s:0:"";s:23:"rex_effect_resize_style";s:7:"maximum";s:31:"rex_effect_resize_allow_enlarge";s:11:"not_enlarge";}}', 1, 0, '', 0, '');

-- --------------------------------------------------------

--
-- Tabellenstruktur für Tabelle `rex_action`
--

CREATE TABLE IF NOT EXISTS `rex_action` (
  `id` int(11) NOT NULL AUTO_INCREMENT,
  `name` varchar(255) NOT NULL,
  `preview` text,
  `presave` text,
  `postsave` text,
  `previewmode` tinyint(4) DEFAULT NULL,
  `presavemode` tinyint(4) DEFAULT NULL,
  `postsavemode` tinyint(4) DEFAULT NULL,
  `createuser` varchar(255) NOT NULL,
  `createdate` int(11) NOT NULL,
  `updateuser` varchar(255) NOT NULL,
  `updatedate` int(11) NOT NULL,
  `revision` int(11) NOT NULL,
  PRIMARY KEY (`id`)
) ENGINE=MyISAM DEFAULT CHARSET=utf8 AUTO_INCREMENT=1 ;

-- --------------------------------------------------------

--
-- Tabellenstruktur für Tabelle `rex_article`
--

CREATE TABLE IF NOT EXISTS `rex_article` (
  `pid` int(11) NOT NULL AUTO_INCREMENT,
  `id` int(11) NOT NULL,
  `re_id` int(11) NOT NULL,
  `name` varchar(255) NOT NULL,
  `catname` varchar(255) NOT NULL,
  `catprior` int(11) NOT NULL,
  `attributes` text NOT NULL,
  `startpage` tinyint(1) NOT NULL,
  `prior` int(11) NOT NULL,
  `path` varchar(255) NOT NULL,
  `status` tinyint(1) NOT NULL,
  `createdate` int(11) NOT NULL,
  `updatedate` int(11) NOT NULL,
  `template_id` int(11) NOT NULL,
  `clang` int(11) NOT NULL,
  `createuser` varchar(255) NOT NULL,
  `updateuser` varchar(255) NOT NULL,
  `revision` int(11) NOT NULL,
  `art_online_from` text,
  `art_online_to` text,
  `art_description` text,
  `art_keywords` text,
  `art_file` varchar(255) DEFAULT '',
  `art_teaser` varchar(255) DEFAULT '',
  `art_type_id` varchar(255) DEFAULT '',
  `cat_type` varchar(255) DEFAULT '',
  `cat_menu` varchar(255) DEFAULT '1',
  PRIMARY KEY (`pid`)
) ENGINE=MyISAM  DEFAULT CHARSET=utf8 AUTO_INCREMENT=100 ;

--
-- Daten für Tabelle `rex_article`
--

INSERT INTO `rex_article` (`pid`, `id`, `re_id`, `name`, `catname`, `catprior`, `attributes`, `startpage`, `prior`, `path`, `status`, `createdate`, `updatedate`, `template_id`, `clang`, `createuser`, `updateuser`, `revision`, `art_online_from`, `art_online_to`, `art_description`, `art_keywords`, `art_file`, `art_teaser`, `art_type_id`, `cat_type`, `cat_menu`) VALUES
(1, 1, 0, 'aktuelles', 'aktuelles', 1, '', 1, 1, '|', 1, 1274962141, 1304023034, 1, 0, 'Katharina', 'Katharina', 0, '1274911200', '', '', '', '', '||', 'Standard', '|true|', '1'),
(2, 2, 0, 'Weiterleitung', 'orchester', 2, '', 1, 1, '|', 1, 1258129598, 1304269433, 1, 0, 'admin', 'Katharina', 0, '', '', '', '', '', '', '', '|true|', '1'),
(3, 3, 0, 'dirigent', 'dirigent', 3, '', 1, 1, '|', 1, 1258129599, 1283117327, 4, 0, 'admin', 'Katharina', 0, '', '', '', '', '', '', '', '|true|', '1'),
(4, 4, 0, 'Weiterleitung', 'konzerte', 4, '', 1, 1, '|', 1, 1258129600, 1259067529, 4, 0, 'admin', 'admin', 0, '', '', '', '', '', '', '', '|true|', '1'),
(5, 5, 0, 'audio', 'audio', 6, '', 1, 1, '|', 1, 1258129602, 1286349823, 4, 0, 'admin', 'Katharina', 0, '', '', '', '', '', '', '', '|true|', '1'),
(6, 6, 0, 'Weiterleitung auf Sponsoren', 'sponsoren ', 7, '', 1, 1, '|', 1, 1258129602, 1261065702, 4, 0, 'admin', 'admin', 0, '', '', '', '', '', '', '', '|true|', '1'),
(7, 7, 0, 'Interessenten', 'Interessenten', 8, '', 1, 1, '|', 1, 1258129603, 1303943313, 4, 0, 'admin', 'Katharina', 0, '', '', '', '', '', '', '', '||', '2'),
(8, 8, 0, 'probenplan', 'probenplan', 5, '', 1, 1, '|', 1, 1341088088, 1341092334, 4, 0, 'cafev', 'cafev', 0, '', '', '', '', '', '||', 'Standard', '||', '1'),
(26, 26, 11, 'downloads', 'downloads', 3, '', 1, 1, '|11|', 1, 1259667693, 1275344107, 4, 0, 'admin', 'Katharina', 0, NULL, NULL, NULL, NULL, NULL, NULL, NULL, '||', '1'),
(33, 33, 11, 'informationen', 'informationen', 1, '', 1, 1, '|11|', 1, 1259678537, 1304269976, 4, 0, 'admin', 'Katharina', 0, NULL, NULL, NULL, NULL, NULL, NULL, NULL, '||', '1'),
(27, 27, 23, 'Auvergene 2010', 'bildergalerien', 0, '', 0, 2, '|11|23|', 1, 1259671084, 1259951989, 4, 0, 'admin', 'Götz', 0, NULL, NULL, NULL, NULL, NULL, NULL, NULL, NULL, '1'),
(11, 11, 0, 'Mitglieder', 'Mitglieder', 9, '', 1, 1, '|', 1, 1258129606, 1260536399, 4, 0, 'admin', 'admin', 0, '', '', '', '', '', '', '', '||', '2'),
(12, 12, 0, 'Kontakt', 'Kontakt', 11, '', 1, 1, '|', 1, 1258129608, 1402434563, 4, 0, 'admin', 'claus', 0, '', '', '', '', '', '', '', '||', '3'),
(13, 13, 0, 'Impressum', 'Impressum', 12, '', 1, 1, '|', 1, 1258129609, 1393606993, 4, 0, 'admin', 'Katharina', 0, '', '', '', '', '', '', '', '||', '3'),
(14, 14, 2, 'selbstverständnis', 'selbstverständnis', 1, '', 1, 1, '|2|', 1, 1258978459, 1285784252, 4, 0, 'admin', 'Katharina', 0, '', '', '', '', '', '', '', '||', '1'),
(15, 15, 2, 'schirmherrschaft', 'schirmherrschaft', 2, '', 1, 1, '|2|', 1, 1258978470, 1259687642, 4, 0, 'admin', 'Götz', 0, '', '', '', '', '', '', '', '||', '1'),
(16, 16, 4, 'vorschau', 'vorschau', 1, '', 1, 1, '|4|', 1, 1258986818, 1349209992, 4, 0, 'admin', 'georg', 0, '', '', '', '', '', '||', 'Standard', '||', '1'),
(17, 17, 4, 'archiv', 'archiv', 2, '', 1, 7, '|4|', 1, 1259067486, 1260559098, 4, 0, 'admin', 'admin', 0, '', '', '', '', '', '', '', '||', '1'),
(18, 18, 17, 'Adventskonzert 2009', 'archiv', 0, '', 0, 14, '|4|17|', 1, 1258986891, 1263212352, 4, 0, 'admin', 'admin', 0, '', '', '', '', '', '||', 'Standard', '', '1'),
(34, 34, 35, 'Katharina Persicke', 'solisten', 0, '', 0, 2, '|4|35|', 1, 1259839848, 1354983680, 4, 0, 'admin', 'Katharina', 0, NULL, NULL, NULL, NULL, NULL, NULL, NULL, NULL, '1'),
(20, 20, 17, 'Sinfoniekonzert 2009', 'archiv', 0, '', 0, 16, '|4|17|', 1, 1259067554, 1263212597, 4, 0, 'admin', 'admin', 0, '', '', '', '', '', '||', 'Standard', '', '1'),
(39, 37, 35, 'Michael Poliatskin', 'solisten', 0, '', 0, 3, '|4|35|', 1, 1260280447, 1264777115, 4, 0, 'Götz', 'admin', 0, NULL, NULL, NULL, NULL, NULL, NULL, NULL, NULL, '1'),
(23, 23, 11, 'bildergalerien', 'bildergalerien', 2, '', 1, 1, '|11|', 1, 1259156263, 1259951944, 4, 0, 'admin', 'Götz', 0, '', '', '', '', '', '', '', '||', '1'),
(24, 24, 17, 'Chorkonzert 2009 - Elias', 'archiv', 0, '', 0, 15, '|4|17|', 1, 1259587671, 1261129290, 4, 0, 'admin', 'admin', 0, '', '', '', '', '', '||', 'Standard', NULL, '1'),
(50, 47, 17, 'Konzertreise 2008 - Südtirol', 'archiv', 0, '', 0, 19, '|4|17|', 1, 1260620619, 1410006005, 4, 0, 'admin', 'cafev', 0, '', '', '', '', '', '||', 'Standard', NULL, '1'),
(29, 29, 6, 'unsere sponsoren', 'Unsere Sponsoren', 1, '', 1, 1, '|6|', 1, 1259676579, 1261067456, 4, 0, 'admin', 'admin', 0, NULL, NULL, NULL, NULL, NULL, NULL, NULL, '||', '1'),
(30, 30, 6, 'sponsor werden', 'Sponsor werden', 2, '', 1, 1, '|6|', 1, 1259676590, 1349299931, 4, 0, 'admin', 'georg', 0, NULL, NULL, NULL, NULL, NULL, NULL, NULL, '||', '1'),
(31, 31, 2, 'spendenaktionen', 'spendenaktionen', 3, '', 1, 1, '|2|', 1, 1259678276, 1260614586, 4, 0, 'admin', 'admin', 0, NULL, NULL, NULL, NULL, NULL, NULL, NULL, '||', '1'),
(35, 35, 4, 'solisten', 'solisten', 3, '', 1, 1, '|4|', 1, 1259840764, 1264777136, 4, 0, 'admin', 'admin', 0, NULL, NULL, NULL, NULL, NULL, NULL, NULL, '||', '1'),
(42, 39, 17, 'Adventskonzert 2008', 'archiv', 0, '', 0, 17, '|4|17|', 1, 1260558957, 1263212354, 4, 0, 'admin', 'admin', 0, NULL, NULL, NULL, NULL, NULL, NULL, NULL, NULL, '1'),
(41, 38, 0, 'Datenschutz', 'Datenschutz', 13, '', 1, 1, '|', 1, 1260356013, 1275046180, 4, 0, 'admin', 'Katharina', 0, NULL, NULL, NULL, NULL, NULL, NULL, NULL, '||', '3'),
(43, 40, 17, 'Kammerkonzert 2008', 'archiv', 0, '', 0, 18, '|4|17|', 1, 1260559917, 1263212355, 4, 0, 'admin', 'admin', 0, NULL, NULL, NULL, NULL, NULL, NULL, NULL, NULL, '1'),
(44, 41, 17, 'Chorkonzert 2008 - Schöpfung', 'archiv', 0, '', 0, 20, '|4|17|', 1, 1260559930, 1263212357, 4, 0, 'admin', 'admin', 0, NULL, NULL, NULL, NULL, NULL, NULL, NULL, NULL, '1'),
(46, 43, 17, 'Adventskonzert 2007', 'archiv', 0, '', 0, 21, '|4|17|', 1, 1260559951, 1263212358, 4, 0, 'admin', 'admin', 0, NULL, NULL, NULL, NULL, NULL, NULL, NULL, NULL, '1'),
(47, 44, 17, 'Kammerkonzert 2007', 'archiv', 0, '', 0, 22, '|4|17|', 1, 1260559962, 1315774896, 4, 0, 'admin', 'claus', 0, NULL, NULL, NULL, NULL, NULL, NULL, NULL, NULL, '1'),
(48, 45, 17, 'Chorkonzert 2007', 'archiv', 0, '', 0, 23, '|4|17|', 1, 1260559988, 1263212361, 4, 0, 'admin', 'admin', 0, NULL, NULL, NULL, NULL, NULL, NULL, NULL, NULL, '1'),
(49, 46, 17, 'Sinfoniekonzert 2007', 'archiv', 0, '', 0, 24, '|4|17|', 1, 1260559999, 1263212505, 4, 0, 'admin', 'admin', 0, NULL, NULL, NULL, NULL, NULL, NULL, NULL, NULL, '1'),
(52, 48, 0, 'Links', 'Links', 10, '', 1, 1, '|', 1, 1263288330, 1285074950, 4, 0, 'admin', 'Katharina', 0, NULL, NULL, NULL, NULL, NULL, NULL, NULL, '||', '2'),
(53, 49, 17, 'Sinfoniekonzert 2010', 'archiv', 0, '', 0, 13, '|4|17|', 1, 1263209746, 1309805778, 4, 0, 'admin', 'claus', 0, NULL, NULL, NULL, NULL, NULL, NULL, NULL, NULL, '1'),
(54, 50, 17, 'Chorkonzert 2010', 'archiv', 0, '', 0, 11, '|4|17|', 1, 1263213872, 1309805591, 4, 0, 'admin', 'claus', 0, NULL, NULL, NULL, NULL, NULL, NULL, NULL, NULL, '1'),
(55, 51, 35, 'testsolist', 'solisten', 0, '', 0, 4, '|4|35|', 0, 1264777091, 1264777091, 4, 0, 'admin', 'admin', 0, NULL, NULL, NULL, NULL, NULL, NULL, NULL, NULL, '1'),
(57, 52, 17, 'Chorkonzert Mai 2006', 'archiv', 0, '', 0, 25, '|4|17|', 1, 1264778757, 1309805847, 4, 0, 'admin', 'claus', 0, NULL, NULL, NULL, NULL, NULL, NULL, NULL, NULL, '1'),
(58, 53, 17, 'Sinfoniekonzert 2010_1', 'archiv', 0, '', 0, 12, '|4|17|', 1, 1268945387, 1309805777, 4, 0, 'admin', 'claus', 0, NULL, NULL, NULL, NULL, NULL, NULL, NULL, NULL, '1'),
(70, 58, 17, 'Adventskonzert 2011', 'archiv', 0, '', 0, 9, '|4|17|', 1, 1315771931, 1341076828, 4, 0, 'claus', 'claus', 0, '', '', '', '', '', '||', 'Standard', '', '1'),
(59, 54, 17, 'Auvergne 2011', 'archiv', 0, '', 0, 10, '|4|17|', 1, 1304019988, 1315771811, 4, 0, 'Katharina', 'claus', 0, NULL, NULL, NULL, NULL, NULL, NULL, NULL, NULL, '1'),
(69, 57, 55, 'Bilder Auvergene 2010', 'Unterseiten Auvergne 2011', 0, '', 0, 3, '|4|16|55|', 0, 1304267618, 1304267661, 4, 0, 'Katharina', 'Katharina', 0, '', '', '', '', '', '', '', '', '1'),
(67, 56, 55, 'LeRocFoucaudKarte', 'Unterseiten Auvergne 2011', 0, '', 0, 2, '|4|16|55|', 1, 1304266423, 1304266501, 4, 0, 'Katharina', 'Katharina', 0, NULL, NULL, NULL, NULL, NULL, NULL, NULL, NULL, '1'),
(66, 55, 16, 'Unterseiten Auvergne 2011', 'Unterseiten Auvergne 2011', 1, '', 1, 1, '|4|16|', 1, 1304266403, 1304266401, 4, 0, 'Katharina', 'Katharina', 0, NULL, NULL, NULL, NULL, NULL, NULL, NULL, '||', '1'),
(72, 59, 17, 'Brahm Requiem Neustift 2012', 'archiv', 0, '', 0, 6, '|4|17|', 1, 1315773020, 1354176254, 4, 0, 'claus', 'claus', 0, NULL, NULL, NULL, NULL, NULL, NULL, NULL, NULL, '1'),
(76, 61, 0, 'spielwiese', 'spielwiese', 14, '', 1, 1, '|', 0, 1339606845, 1339606845, 4, 0, 'claus', 'claus', 0, NULL, NULL, NULL, NULL, NULL, NULL, NULL, '||', '1'),
(75, 60, 17, 'Lago Maggiore Pfingsten 2012', 'archiv', 0, '', 0, 8, '|4|17|', 1, 1329136820, 1341116516, 4, 0, 'claus', 'cafev', 0, '', '', '', '', '', '||', 'Standard', '', '1'),
(80, 62, 8, 'Proben Lago Maggiore 2012', 'probenplan', 0, '', 0, 2, '|8|', 0, 1341077747, 1341115927, 4, 0, 'claus', 'claus', 0, '', '', '', '', '', '||', 'Standard', NULL, '1'),
(81, 63, 8, 'Proben Stabat Mater 11/14', 'probenplan', 0, '', 0, 3, '|8|', 0, 1341078006, 1392131189, 4, 0, 'claus', 'Katharina', 0, '', '', '', '', '', '||', 'Standard', NULL, '1'),
(83, 65, 17, 'Südtirol 2014', 'archiv', 0, '', 0, 1, '|4|17|', 1, 1341079129, 1409226917, 4, 0, 'cafev', 'claus', 0, NULL, NULL, NULL, NULL, NULL, NULL, NULL, NULL, '1'),
(85, 66, 8, 'Proben Südtirol 2014', 'Probenplan', 0, '', 0, 5, '|8|', 1, 1341080014, 1392932683, 4, 0, 'cafev', 'Katharina', 0, '', '', '', '', '', '', '', '', '1'),
(88, 67, 17, 'Brahm Requiem Freiburg 2012', 'archiv', 0, '', 0, 5, '|4|17|', 1, 1341314850, 1354176260, 4, 0, 'claus', 'claus', 0, '', '', '', '', '', '', '', '', '1'),
(89, 68, 17, 'Weihnachten2012', 'archiv', 0, '', 0, 4, '|4|17|', 1, 1354174150, 1354984024, 4, 0, 'claus', 'Katharina', 0, '', '', '', '', '', '', '', '', '1'),
(91, 70, 17, 'Tango 2014', 'archiv', 0, '', 0, 3, '|4|17|', 1, 1354984071, 1409226901, 4, 0, 'Katharina', 'claus', 0, '', '', '', '', '', '', '', '', '1'),
(95, 71, 8, 'Proben Tango 2014', 'probenplan', 0, '', 0, 4, '|8|', 1, 1355149382, 1395438018, 4, 0, 'Katharina', 'claus', 0, '', '', '', '', '', '||', 'Standard', '', '1'),
(98, 73, 17, 'Tango SWR 2014', 'archiv', 0, '', 0, 2, '|4|17|', 1, 1395885221, 1409226909, 4, 0, 'claus', 'claus', 0, '', '', '', '', '', '||', 'Standard', '', '1'),
(97, 72, 16, 'Stabat Mater', 'vorschau', 0, '', 0, 2, '|4|16|', 0, 1393606902, 1393606902, 4, 0, 'Katharina', 'Katharina', 0, NULL, NULL, NULL, NULL, NULL, NULL, NULL, NULL, '1'),
(99, 74, 8, 'Proben Tango SWR 2014', 'probenplan', 0, '', 0, 6, '|8|', 0, 1395885916, 1395885944, 4, 0, 'claus', 'claus', 0, '', '', '', '', '', '||', 'Standard', '', '1');

-- --------------------------------------------------------

--
-- Tabellenstruktur für Tabelle `rex_article_slice`
--

CREATE TABLE IF NOT EXISTS `rex_article_slice` (
  `id` int(11) NOT NULL AUTO_INCREMENT,
  `clang` int(11) NOT NULL,
  `ctype` int(11) NOT NULL,
  `re_article_slice_id` int(11) NOT NULL,
  `value1` text,
  `value2` text,
  `value3` text,
  `value4` text,
  `value5` text,
  `value6` text,
  `value7` text,
  `value8` text,
  `value9` text,
  `value10` text,
  `value11` text,
  `value12` text,
  `value13` text,
  `value14` text,
  `value15` text,
  `value16` text,
  `value17` text,
  `value18` text,
  `value19` text,
  `value20` text,
  `file1` varchar(255) DEFAULT NULL,
  `file2` varchar(255) DEFAULT NULL,
  `file3` varchar(255) DEFAULT NULL,
  `file4` varchar(255) DEFAULT NULL,
  `file5` varchar(255) DEFAULT NULL,
  `file6` varchar(255) DEFAULT NULL,
  `file7` varchar(255) DEFAULT NULL,
  `file8` varchar(255) DEFAULT NULL,
  `file9` varchar(255) DEFAULT NULL,
  `file10` varchar(255) DEFAULT NULL,
  `filelist1` text,
  `filelist2` text,
  `filelist3` text,
  `filelist4` text,
  `filelist5` text,
  `filelist6` text,
  `filelist7` text,
  `filelist8` text,
  `filelist9` text,
  `filelist10` text,
  `link1` varchar(10) DEFAULT NULL,
  `link2` varchar(10) DEFAULT NULL,
  `link3` varchar(10) DEFAULT NULL,
  `link4` varchar(10) DEFAULT NULL,
  `link5` varchar(10) DEFAULT NULL,
  `link6` varchar(10) DEFAULT NULL,
  `link7` varchar(10) DEFAULT NULL,
  `link8` varchar(10) DEFAULT NULL,
  `link9` varchar(10) DEFAULT NULL,
  `link10` varchar(10) DEFAULT NULL,
  `linklist1` text,
  `linklist2` text,
  `linklist3` text,
  `linklist4` text,
  `linklist5` text,
  `linklist6` text,
  `linklist7` text,
  `linklist8` text,
  `linklist9` text,
  `linklist10` text,
  `php` text,
  `html` text,
  `article_id` int(11) NOT NULL,
  `modultyp_id` int(11) NOT NULL,
  `createdate` int(11) NOT NULL,
  `updatedate` int(11) NOT NULL,
  `createuser` varchar(255) NOT NULL,
  `updateuser` varchar(255) NOT NULL,
  `next_article_slice_id` int(11) DEFAULT NULL,
  `revision` int(11) NOT NULL,
  PRIMARY KEY (`id`,`re_article_slice_id`,`article_id`,`modultyp_id`)
) ENGINE=MyISAM  DEFAULT CHARSET=utf8 AUTO_INCREMENT=471 ;

--
-- Daten für Tabelle `rex_article_slice`
--

INSERT INTO `rex_article_slice` (`id`, `clang`, `ctype`, `re_article_slice_id`, `value1`, `value2`, `value3`, `value4`, `value5`, `value6`, `value7`, `value8`, `value9`, `value10`, `value11`, `value12`, `value13`, `value14`, `value15`, `value16`, `value17`, `value18`, `value19`, `value20`, `file1`, `file2`, `file3`, `file4`, `file5`, `file6`, `file7`, `file8`, `file9`, `file10`, `filelist1`, `filelist2`, `filelist3`, `filelist4`, `filelist5`, `filelist6`, `filelist7`, `filelist8`, `filelist9`, `filelist10`, `link1`, `link2`, `link3`, `link4`, `link5`, `link6`, `link7`, `link8`, `link9`, `link10`, `linklist1`, `linklist2`, `linklist3`, `linklist4`, `linklist5`, `linklist6`, `linklist7`, `linklist8`, `linklist9`, `linklist10`, `php`, `html`, `article_id`, `modultyp_id`, `createdate`, `updatedate`, `createuser`, `updateuser`, `next_article_slice_id`, `revision`) VALUES
(149, 0, 1, 148, '<p class="marginalie"><img height="200" ismap="ismap" src="files/requiem-cd.jpg" width="200" /></p>\r\n<p>SONNTAG, DEN 23. M&Auml;RZ 2003</p>\r\n<h1><strong>Wolfgang Amadeus Mozart "Requiem"</strong></h1>\r\n<p><em>Freiburger Domsingknaben <br />Freiburger M&auml;dchenkantorei</em></p>\r\n<p>camerata academica freiburg<br />Boris B&ouml;hmann (Leitung)</p>', '', '', '', '', '', '', '', '', '', '', '', '', '', '', '', '', '', '', '', '', '', '', '', '', '', '', '', '', '', '', '', '', '', '', '', '', '', '', '', '', '', '', '', '', '', '', '', '', '', '', '', '', '', '', '', '', '', '', '', '', '', 5, 1, 1286349843, 1286349843, 'Katharina', 'Katharina', 0, 0),
(143, 0, 1, 142, '<p class="marginalie"><img height="200" ismap="ismap" src="files/schubert-brahms-cd.jpg" width="200" /></p>\r\n<p><span style="font-weight: normal;">SAMSTAG, DEN 21. APRIL 2007 &bull; KONZERTMITSCHNITT</span></p>\r\n<h1>Sinfoniekonzert 2007</h1>\r\n<p><span style="font-weight: normal; font-size: 12px;"><em>Sinfonie Nr. 8, h-moll &bdquo;Unvollendete&ldquo; von Franz Schubert<br />Sinfonie Nr. 1, c-moll von Johannes Brahms</em></span></p>\r\n<p><em>camerata academica freiburg<br />Manuel Nawri (Leitung)</em></p>\r\n<p><strong>Konzerthaus Freiburg</strong></p>\r\n<h3>H&ouml;rbeispiele:</h3>\r\n<p>Franz Schubert (1797-1828)<br /><a href="files/01_sinfoniekonzert_2007.mp3" target="Audio">Sinfonie Nr. 8 - Allegro moderato</a><br /><a href="files/02_sinfoniekonzert_2007.mp3" target="Audio">Sinfonie Nr. 8 - Andante con moto</a></p>\r\n<p>Johannes Brahms (1833-1897)<br /><a href="files/03_sinfoniekonzert_2007.mp3" target="Audio">Sinfonie Nr. 1 - Un poco sostenuto, Allegro<br /></a><a href="files/04_sinfoniekonzert_2007.mp3" target="Audio">Sinfonie Nr. 1 - Andante sostenuto<br /></a><a href="files/05_sinfoniekonzert_2007.mp3" target="Audio">Sinfonie Nr. 1 - Un poco Allegretto e grazioso<br /></a><a href="files/06_sinfoniekonzert_2007.mp3" target="Audio">Sinfonie Nr. 1 - Adagio - Pi&ugrave; Andante - Allegro non troppo ma con brio - Pi&ugrave; Allegro</a></p>\r\n<p>&nbsp;</p>\r\n<p class="ornament">&nbsp;</p>', '', '', '', '', '', '', '', '', '', '', '', '', '', '', '', '', '', '', '', '', '', '', '', '', '', '', '', '', '', '', '', '', '', '', '', '', '', '', '', '', '', '', '', '', '', '', '', '', '', '', '', '', '', '', '', '', '', '', '', '', '', 5, 1, 1286349517, 1286349517, 'Katharina', 'Katharina', 0, 1),
(2, 0, 1, 0, '<p class="marginalie"><img alt="Professor Dr. Dr. h.c. Matthias Brandis" height="281" ismap="ismap" src="files/matthias-brandis.jpg" width="200" /><br />Professor Dr. Dr. h.c. Matthias Brandis</p>\r\n<p>Sehr geehrte Damen und Herren,</p>\r\n<p>die camerata academica freiburg e.V. wurde 1997 in Freiburg gegr&uuml;ndet. Berufs- und Laienmusiker spielen in dieser Formation regelm&auml;&szlig;ig zusammen. Die Qualit&auml;t dieses Orchesters hat sich &uuml;ber die Jahre stetig verbessert, es kam zuletzt zu beeindruckenden und ergreifenden Auff&uuml;hrungen des Requiems von Mozart und des Oratoriums Paulus von Mendelssohn-Bartholdy; die St&uuml;cke erhielten bemerkenswerte Kritiken. Das junge Orchester entwickelte sich zu einer der aktivsten musikalischen Formationen in S&uuml;dwestdeutschland. Im Herbst 2005 reisen die Musiker nach Thailand, Australien und Neuseeland; die Benefizkonzerte dort werden zugunsten krebs- und chronisch kranker Kinder vor Ort gegeben. Dies entspricht der guten Tradition des Orchesters; es hat in der Vergangenheit regelm&auml;&szlig;ig f&uuml;r Benefizzwecke gespielt, so zu Gunsten des F&ouml;rdervereins f&uuml;r krebskranke Kinder in Freiburg e.V. und f&uuml;r den F&ouml;rderverein Spinale Muskeldystrophie.</p>\r\n<p>Diese Beweggr&uuml;nde, die Einf&uuml;hlsamkeit der Musiker sowie die musikalische Qualit&auml;t der Konzerte schaffen eine wunderbare Atmosph&auml;re mit hohem humanistischem und kulturellem Anspruch, daher verdient dieses Orchester volle Unterst&uuml;tzung.</p>\r\n<p><em>Professor Dr. Dr. h. c. Matthias Brandis<br />Leitender &Auml;rztlicher Direktor der Universit&auml;tsklinik Freiburg<br /><a href="http://www.uniklinik-freiburg.de">www.uniklinik-freiburg.de</a></em></p>', '', '', '', '', '', '', '', '', '', '', '', '', '', '', '', '', '', '', '', '', '', '', '', '', '', '', '', '', '', '', '', '', '', '', '', '', '', '', '', '', '', '', '', '', '', '', '', '', '', '', '', '', '', '', '', '', '', '', '', '', '', 15, 1, 1258985895, 1259687642, 'admin', 'Götz', 0, 0),
(4, 0, 1, 0, 'Sonntag, 6. Dezember 2009 · 18 Uhr', 'Adventskonzert', 'mit Werken von Albinoni, Bach, Mozart, Reger und Sibelius', 'Universitätsklinikum Freiburg – Kath. Kirche', '<p>Mit <a href="redaxo://34" title="Katharina Persicke">Katharina Persicke</a> (Sopran), Martina W&uuml;ndrich (Violine), Sonja Kanno-Landoll (Fl&ouml;te), Juliane Hack (Fl&ouml;te), G&ouml;tz R&ouml;&szlig;ner (Oboe) und Julia Wambach (Oboe)</p>', '<p>Wir freuen uns sehr, eine lieb gewonnene Tradition auch dieses Jahr fortsetzen zu k&ouml;nnen und in der Adventszeit in der Heilig Geist Kirche im Universit&auml;tsklinikum Freiburg zu spielen. Das Konzert wird wie in den vergangenen Jahren live &uuml;ber Video in die Krankenzimmer des Klinikums &uuml;bertragen.&nbsp;</p>\r\n<p>Auf dem Programm stehen Arien f&uuml;r Sopran von Mozart und Reger, ein schwedisches Volkslied und ein Spiritual f&uuml;r Sopran solo sowie Orchesterst&uuml;cke von Albinoni, J. S. Bach und Sibelius.</p>\r\n<p><strong><span style="font-weight: normal;">Es musizieren u.a. <a href="redaxo://34" title="Katharina Persicke">Katharina Persicke</a> (Sopran), Martina W&uuml;ndrich (Violine), Sonja Kanno-Landoll (Fl&ouml;te), Juliane Hack (Fl&ouml;te), G&ouml;tz R&ouml;&szlig;ner (Oboe) und Julia Wambach (Oboe)</span></strong></p>\r\n<p><strong>Hinweis:</strong><br />Die Heilig Geist Kirche befindet sich im Universit&auml;tsklinikum Freiburg in der Hugstetter Stra&szlig;e 55 (zwischen Chirurgie und Innerer Medizin).</p>', 'camerata academica freiburg\r\nGunnar Persicke (Leitung)', '', '', '', '', '', '', '', '', '', '', '', '', '', '', '', '', '', '', '', '', '', '', '', '', '', '', '', '', '', '', '', '', '', '', '', '', '', '', '', '', '', '', '', '', '', '', '', '', '', '', '', '', '', '', '', 18, 2, 1258987085, 1261065631, 'admin', 'admin', 0, 0),
(347, 0, 1, 0, '', '', '', '', '', '', '', '', '', '', '', '', '', '', '', '', '', '', '', '', '', '', '', '', '', '', '', '', '', '', '', '', '', '', '', '', '', '', '', '', '', '', '', '', '', '', '', '', '', '', '', '', '', '', '', '', '', '', '', '', '', '', 16, 3, 1341094060, 1341094060, 'cafev', 'cafev', 0, 0),
(6, 0, 1, 0, '', '', '', '', '', '', '', '', '', '', '', '', '', '', '', '', '', '', '', '', '', '', '', '', '', '', '', '', '', '', '', '', '', '', '', '', '', '', '', '', '16', '', '', '', '', '', '', '', '', '', '', '', '', '', '', '', '', '', '', '', '', '', 4, 4, 1258991756, 1258991756, 'admin', 'admin', 0, 0),
(122, 0, 1, 0, '<h1 class="marginalie"><img height="223" ismap="ismap" src="files/cd_cover_weihnachtskonzert_2009_klein.jpeg" width="250" /></h1>\r\n<h1><strong>Weihnachtskonzert<br /><strong></strong></strong></h1>\r\n<p><strong><strong>Konzertmitschnitt vom 6. Dezember 2009</strong></strong></p>\r\n<p>Schwedisches Volkslied<br /><a href="files/01_weihnachtskonzert_2009.mp3" target="Audio">Pris vare Gud</a></p>\r\n<p><a href="files/01_weihnachtskonzert_2009.mp3" target="Audio"></a>Jean Sibelius (1865 &ndash; 1957)<br /><a href="files/02_weihnachtskonzert_2009.mp3" target="Audio">Suite Mignonne op. 98a - Petite Sc&eacute;ne: Allegretto<br /></a><a href="files/03_weihnachtskonzert_2009.mp3" target="Audio">Suite Mignonne op. 98a - Polka: Animosa<br /></a><a href="files/04_weihnachtskonzert_2009.mp3" target="Audio">Suite Mignonne op. 98a - Epilogue: Vivace</a></p>\r\n<p><a href="files/04_weihnachtskonzert_2009.mp3" target="Audio"></a>Wolfgang Amadeus Mozart (1756 - 1791)<br /><a href="files/05_weihnachtskonzert_2009.mp3" target="Audio">&bdquo;Ruhe sanft mein holdes Leben&ldquo; aus Zaide KV 344<br /></a><a href="files/06_weihnachtskonzert_2009.mp3" target="Audio">&bdquo;Nehmt meinen Dank&ldquo; KV 383<br /></a><a href="files/07_weihnachtskonzert_2009.mp3" target="Audio">&bdquo;Laudate dominum&rdquo; aus Vesperae solennes de Confessore KV 339</a></p>\r\n<p>Tomaso Albinoni (1671 &ndash; 1751)<br /><a href="files/08_weihnachtskonzert_2009.mp3" target="Konzert">Konzert f&uuml;r 2 Oboen und Streichorchester op. 7 Nr. 11 - 1. Allegro<br /></a><a href="files/09_weihnachtskonzert_2009.mp3" target="Audio">Konzert f&uuml;r 2 Oboen und Streichorchester op. 7 Nr. 11 - 2. Adagio<br /></a><a href="files/10_weihnachtskonzert_2009.mp3" target="Audio">Konzert f&uuml;r 2 Oboen und Streichorchester op. 7 Nr. 11 - 3. Allegro</a></p>\r\n<p><a href="files/10_weihnachtskonzert_2009.mp3" target="Audio"></a>Max Reger (1873 &ndash; 1916)<br /><a href="files/11_weihnachtskonzert_2009.mp3" target="Audio">Mari&auml; Wiegenlied As-Dur op. 76/52</a></p>\r\n<p>Johann Sebastian Bach (1685 &ndash; 1750)<br /><a href="files/12_weihnachtskonzert_2009.mp3" target="Audio">Brandenburgisches Konzert Nr. 3 G-Dur - 1. Satz<br /></a><a href="files/13_weihnachtskonzert_2009.mp3" target="Audio">Brandenburgisches Konzert Nr. 3 G-Dur - 2./3. Satz</a></p>\r\n<p>Spiritual<a href="files/14_weihnachtskonzert_2009.mp3" target="Audio"><br />Mary had a Baby</a></p>\r\n<p>Zugabe<a href="files/15_weihnachtskonzert_2009.mp3" target="Audio"><br />&bdquo;Nehmt meinen Dank&ldquo; KV 383</a></p>\r\n<p>&nbsp;</p>\r\n<p><em>Zum Abspielen im Browser bitte die St&uuml;cke mit der rechten Maustaste ausw&auml;hlen.</em></p>\r\n<p><em>Zum Download bitte das entsprechende St&uuml;ck mit der linken Maustaste ausw&auml;hlen und dann im Kontextmen&uuml; "speichern unter" ausf&uuml;hren. &nbsp;</em></p>\r\n<p class="ornament">&nbsp;</p>', '', '', '', '', '', '', '', '', '', '', '', '', '', '', '', '', '', '', '', '', '', '', '', '', '', '', '', '', '', '', '', '', '', '', '', '', '', '', '', '', '', '', '', '', '', '', '', '', '', '', '', '', '', '', '', '', '', '', '', '', '', 26, 1, 1275344109, 1275344109, 'Katharina', 'Katharina', 0, 0),
(68, 0, 1, 0, '<h1 class="marginalie">Soziale Einrichtungen</h1>\r\n<p><a href="http://www.helfen-hilft.de/frame.html" target="_blank">F&ouml;rderverein krebskranke Kinder Freiburg e.V.</a></p>\r\n<p><a href="http://www.psych.uni-goettingen.de/home/barke/sga/" target="_blanc">Seelische Gesundheit Afrika e.V.</a></p>\r\n<p>&nbsp;</p>\r\n<p class="ornament">&nbsp;</p>\r\n<p>&nbsp;</p>\r\n<h1 class="marginalie">Befreundete Ensemble</h1>\r\n<p><a href="http://www.akademisches-orchester-freiburg.de/" target="_blank">Akademisches Orchester Freiburg</a></p>\r\n<p><a href="http://www.freiburger-kantatenchor.de/" target="_blank">Freiburger Kantatenchor</a></p>\r\n<p><a href="http://www.junge-kammerphilharmonie-freiburg.de/" target="_blank">Junge Kammerphilharmonie Freiburg</a></p>\r\n<p><a href="http://www.khg-orchester.uni-freiburg.de/" target="_blank">Orchester der katholischen Hochschulgemeinde</a></p>\r\n<p><a href="http://www.sinfonietta92.de/" target="_blank">Sinfonietta 92</a></p>\r\n<p>&nbsp;</p>\r\n<p class="ornament">&nbsp;</p>\r\n<p>&nbsp;</p>\r\n<h1 class="marginalie">Kulturelle Institutionen</h1>\r\n<p><a href="http://www.mh-freiburg.de/" target="_blank">Musikhochschule Freiburg</a></p>\r\n<p><a href="http://www.swr.de/faszination-musik" target="_blank">SWR Sinfonieorchester</a></p>\r\n<p><a href="http://www.theater.freiburg.de/" target="_blank">Theater Freiburg</a></p>\r\n<p>&nbsp;</p>\r\n<p class="ornament">&nbsp;</p>\r\n<p>&nbsp;</p>\r\n<h1 class="marginalie">Tickets und Noten</h1>\r\n<p><a href="http://www.freiburg-ticket.de/" target="_blank">Freiburg Ticket</a></p>\r\n<p><a href="http://www.musikalienhandel.de/" target="_blank">Haus der Musik Detmold</a></p>', '', '', '', '', '', '', '', '', '', '', '', '', '', '', '', '', '', '', '', '', '', '', '', '', '', '', '', '', '', '', '', '', '', '', '', '', '', '', '', '', '', '', '', '', '', '', '', '', '', '', '', '', '', '', '', '', '', '', '', '', '', 48, 1, 1261065925, 1285074950, 'admin', 'Katharina', NULL, 0),
(9, 0, 1, 0, '', '', '', '', '', '', '', '', '', '', '', '', '', '', '', '', '', '', '', '', '', '', '', '', '', '', '', '', '', '', '', '', '', '', '', '', '', '', '', '', '14', '', '', '', '', '', '', '', '', '', '', '', '', '', '', '', '', '', '', '', '', '', 2, 4, 1259067246, 1259067246, 'admin', 'admin', 0, 0),
(451, 0, 1, 0, '', '', '', '', '', '', '', '', '', '', '', '', '', '', '', '', '', '', '', '', '', '', '', '', '', '', '', '', '', '', '', '', '', '', '', '', '', '', '', '', '', '', '', '', '', '', '', '', '', '', '', '', '', '', '', '', '', '', '', '', '', '', 17, 3, 1396256360, 1396256360, 'Katharina', 'Katharina', 0, 0),
(11, 0, 1, 0, 'Freitag, den 6. März 2009 • 19.30 Uhr', 'Sinfoniekonzert 2009', 'mit Werken von Beethoven, Mozart und Schostakowitsch', 'Theodor-Egel-Saal in Freiburg-Ebnet', '<p>Im M&auml;rz 2009 brachte die camerata acedemica freiburg nach einer einw&ouml;chigen Probenphase auf&nbsp;Schloss Noyers im&nbsp;Burgund Werke von Beethoven, Mozart und Schostakowitsch in Freiburg zur Auff&uuml;hrung.</p>', '<p>Im M&auml;rz 2009 brachte die camerata acedemica freiburg nach einer einw&ouml;chigen Probenphase auf&nbsp;Schloss Noyers im Burgund Werke von Beethoven, Mozart und Schostakowitsch in Freiburg zur Auff&uuml;hrung.</p>\r\n<p>Das Konzert und die Probenphase wurden von Manuel Nawri geleitet. Als Solisten spielten Frieder Reich (Trompete) und <a href="redaxo://37" title="Michael Poliatskin">Michael Poliatskin</a> (Klavier).</p>\r\n<p>&nbsp;</p>\r\n<p><strong>Programm</strong></p>\r\n<p>Ouvert&uuml;re zur Oper Idomeneo von&nbsp;Wolfgang Amadeus Mozart<br />Rondo f&uuml;r Klavier und Orchester von Wolfgang Amadeus Mozart <br />1. Klavierkonzert f&uuml;r Klavier, Trompete und Streicher von Dimitri Schostakowitsch <br />3. Symphonie Eroica von Ludwig van Beethoven</p>\r\n<p>&nbsp;</p>\r\n<p><strong>Konzertkritik</strong></p>\r\n<p><em>aus der Badischen Zeitung vom 9. Februar 2009 von&nbsp;Alexander Dick</em></p>\r\n<h1><strong>Lebendige, junge Klassik</strong></h1>\r\n<p><strong>Sie geh&ouml;rt zu den ambitioniertesten Laienorchestern Freiburgs: die 1997 gegr&uuml;ndete Camerata academica. Das zeigt auch das Programm des j&uuml;ngsten Konzerts: Mozart, Schostakowitsch, Beethoven. Ihre Musik erlebte einen spannenden Abend.</strong></p>\r\n<p>Beethovens Zeitgenossen fanden sie zum Teil "entsetzlich lang", seine Sinfonie Nr. 3 "Eroica", die der Meister "in einem ganz andern Styl geschrieben" hatte. Was war dieses "Andere"? Die Interpretation durch die Freiburger Camerata academica l&auml;sst es erahnen: Es waren nicht nur die f&uuml;r eine Sinfonie um 1800 gewaltigen L&auml;ngen &ndash; es war ihre ungemeine, f&uuml;r die damalige Zeit geradezu erschreckende Subjektivit&auml;t, ihr bis zur Selbstent&auml;u&szlig;erung reichendes Aufschreien. Das aus Studierenden und ambitionierten, semiprofessionellen Laien bestehende Kammerorchester trifft diesen Nerv der Musik besonders gut. Dirigent Manuel Nawri entlockt seinen Musikern ein hohes Ma&szlig; an Gestaltungswillen, und das zeitigt zum Teil verbl&uuml;ffende Ergebnisse. Die beiden Ecks&auml;tze erklingen expressiv, dynamisch sorgf&auml;ltig ausgearbeitet, vor allem mit Beethoven&rsquo;scher Leidenschaft. Schwieriger wird&rsquo;s beim Trauermarsch, wo der interpretatorische &Uuml;berschwang dem Auskosten von Zeit im Wege steht: Gr&ouml;&szlig;ere Z&auml;suren, mehr Gewicht auf den zeremoniellen Charakter dieser auch heute noch au&szlig;ergew&ouml;hnlichen Musik w&auml;ren da w&uuml;nschenswert gewesen.</p>\r\n<p>Doch das Orchester nimmt an diesem Abend im voll besetzten Theodor-Egel-Saal auch durch andere Tugenden f&uuml;r sich ein. Etwa zu Beginn, mit Mozarts "Idomeneo"-Ouvert&uuml;re, die Nawris Dirigat sehr transparent macht, und bei der die &uuml;ber weite Strecken sehr gute Intonation des Klangk&ouml;rpers besonders auff&auml;llt. Das gilt auch f&uuml;r Mozarts Konzert-Rondo D-Dur KV 382, dem nur gegen Ende im 3/8-Takt-Allegro etwas die Luft auszugehen scheint. Technisch brillant, filigran phrasierend und in makelloser Artikulation gestaltet Michael Poliatskin den Klaviersolopart. Das gilt mindestens ebenso f&uuml;r Schostakowitschs Konzert f&uuml;r Klavier, Trompete und Streichorchester, wo der Pianist die grotesken &Uuml;bertreibungen und Verzerrungen der Musik mit beispielloser Nonchalance zelebriert. Frieder Reichs virtuoses, bemerkenswert plastisches Trompetenspiel ist die ideale Erg&auml;nzung dazu, und auch das Orchester h&auml;lt ordentlich Schritt, zum Beispiel beim rasanten, g&auml;nzlich ins Fratzenhafte gewandten Finale. Ein Abend, der nicht zuletzt zeigt, wie lebendig und jung Klassik jenseits des &uuml;blichen Reproduktionsbetriebs sein kann &ndash; oder einfacher gesagt: Das war erfrischend! &nbsp;</p>', 'Frieder Reich, Trompete\r\nMichael Poliatskin, Klavier\r\ncamerata academica freiburg\r\nManuel Nawri, Leitung', '', '', '', '', '', '', '', '', '', '', '', '', '', '', '', '', '', '', '', '', '', '', '', '', '', '', '', '', '', '', '', '', '', '', '', '', '', '', '', '', '', '', '', '', '', '', '', '', '', '', '', '', '', '', '', 20, 2, 1259067646, 1263212597, 'admin', 'admin', 0, 0),
(34, 0, 1, 0, '', '', '', '', '', '', '', '', '', '', '', '', '', '', '', '', '', '', '', '', '', '', '', '', '', '', '', '', '', '', '', '', '', '', '', '', '', '', '', '', '29', '', '', '', '', '', '', '', '', '', '', '', '', '', '', '', '', '', '', '', '', '', 6, 4, 1259676742, 1259678399, 'admin', 'admin', NULL, 0),
(378, 0, 1, 0, '<h1 class="marginalie">Werden auch Sie Sponsor</h1>\r\n<p>Seit 2003 veranstaltet die camerata academica freiburg e.V. regelm&auml;&szlig;ig Benefizkonzerte zugunsten krebs- und chronisch kranker Kinder und anderer sozialer Initiativen.&nbsp;Durch das langj&auml;hrige soziale Engagement ist das Orchester als gemeinn&uuml;tziger Verein anerkannt.</p>\r\n<p>Da sich die camerata academica freiburg vollst&auml;ndig selbst tr&auml;gt und als regelm&auml;&szlig;ige Einnahmequelle nur die Konzerterl&ouml;se zur Verf&uuml;gung stehen, ist das Orchester auf die Unterst&uuml;tzung musikbegeisterter Privatpersonen und Unternehmen angewiesen.&nbsp;</p>\r\n<p>Aus diesem Grund w&uuml;rden wir Sie gerne als F&ouml;rderer unseres Orchesters gewinnen. Die M&ouml;glichkeiten reichen dabei von einer einmaligen Unterst&uuml;tzung mit entsprechend prominenter Erw&auml;hnung auf Konzertplakat, Flyern und Programmheft bis hin zu gemeinsam geplanten Konzert- und CD-Projekten.</p>\r\n<p>Helfen Sie uns, anderen zu helfen und gleichzeitig Musik-Projekte auf hohem k&uuml;nsterischen Niveau zu realisieren.</p>', '', '', '', '', '', '', '', '', '', '', '', '', '', '', '', '', '', '', '', '', '', '', '', '', '', '', '', '', '', '', '', '', '', '', '', '', '', '', '', '', '', '', '', '', '', '', '', '', '', '', '', '', '', '', '', '', '', '', '', '', '', 30, 1, 1349299935, 1349299935, 'georg', 'georg', 0, 0),
(38, 0, 1, 0, '<h1 class="marginalie"><span style="font-weight: normal; font-size: 14px; "><span style="font-size: 14px; "><span style="font-size: 14px;"><span style="font-size: 14px;"><img alt="Spendenaktion: Foto Korinthenberg" src="index.php?rex_resize=180a__spende_korinthenberg.jpg" title="Spendenaktion: Foto Korinthenberg" /></span><img alt="Spendenaktion: Foto Tango 2006" src="index.php?rex_resize=180a__spende_tango_2006.jpg" title="Spendenaktion: Foto Tango 2006" /></span></span><img alt="Spendenaktion: Foto Brandis" src="index.php?rex_resize=180a__spende_foto_brandis.jpg" title="Spendenaktion: Foto Brandis" /></span></h1>\r\n<p>Im Rahmen mehrerer Spendenaktionen konnte die camerata academica freiburg unter ihrer&nbsp;Vorstandsvorsitzenden Katharina Puff &uuml;ber 30.000 &euro;&nbsp;zugunsten krebs- und chronisch kranker Kinder&nbsp;spenden.</p>', '', '', '', '', '', '', '', '', '', '', '', '', '', '', '', '', '', '', '', '', '', '', '', '', '', '', '', '', '', '', '', '', '', '', '', '', '', '', '', '', '', '', '', '', '', '', '', '', '', '', '', '', '', '', '', '', '', '', '', '', '', 31, 1, 1259678319, 1260614586, 'admin', 'admin', NULL, 0),
(15, 0, 1, 0, '<h1 class="marginalie">Informationen</h1>\r\n<p>Im Bereich&nbsp;<a href="redaxo://33" title="informationen">Informationen f&uuml;r Mitglieder&nbsp;</a>werden wir Euch in Zukunft &uuml;ber die Details zu den bevorstehenden Projekten informieren, soweit diese nicht im &ouml;ffentlichen Bereich der Homepage zu finden sind.</p>\r\n<p>Insbesondere f&uuml;r das bevorstehende Projekt "Frankreich 2010" werdet Ihr hier die Details zur Logistik und allen weiteren organisatorischen Themen finden.</p>\r\n<h1 class="marginalie">Bildergalerien</h1>\r\n<p>Es ist eine neue Bildergalerie <a href="redaxo://27" title="Auvergene 2010">Auvergene 2010</a> verf&uuml;gbar.</p>\r\n<p>Eine &Uuml;bersicht aller Bildergalerien findet Ihr&nbsp;<a href="redaxo://23" title="bildergalerien">hier &raquo;</a></p>\r\n<h1 class="marginalie">Downloads</h1>\r\n<p>Exclusiv f&uuml;r die Mitspieler der camerata gibt es hier Konzertmitschnitte als&nbsp;<a href="redaxo://26" title="downloads">Downloads</a>.&nbsp;</p>', '', '', '', '', '', '', '', '', '', '', '', '', '', '', '', '', '', '', '', '', '', '', '', '', '', '', '', '', '', '', '', '', '', '', '', '', '', '', '', '', '', '', '', '', '', '', '', '', '', '', '', '', '', '', '', '', '', '', '', '', '', 11, 1, 1259156229, 1260536399, 'admin', 'admin', 0, 0),
(148, 0, 1, 147, '<p class="marginalie"><img height="213" ismap="ismap" src="files/stabat-mater-cd.jpg" width="200" /></p>\r\n<p><span style="font-weight: normal;">SAMSTAG, DEN 13. M&Auml;RZ&nbsp;2004</span></p>\r\n<h1>Joseph Haydn "Stabat Mater"</h1>\r\n<p><em>Freiburger Domsingknaben <br />Freiburger M&auml;dchenkantorei</em></p>\r\n<p>camerata academica freiburg<br />Martina van Lengerich (Leitung)</p>\r\n<p class="ornament">&nbsp;</p>', '', '', '', '', '', '', '', '', '', '', '', '', '', '', '', '', '', '', '', '', '', '', '', '', '', '', '', '', '', '', '', '', '', '', '', '', '', '', '', '', '', '', '', '', '', '', '', '', '', '', '', '', '', '', '', '', '', '', '', '', '', 5, 1, 1286349843, 1286349843, 'Katharina', 'Katharina', 0, 0),
(147, 0, 1, 146, '<p class="marginalie"><img height="200" ismap="ismap" src="files/schubert-brahms-cd.jpg" width="200" /></p>\r\n<p><span style="font-weight: normal;">SAMSTAG, DEN 21. APRIL 2007 &bull; KONZERTMITSCHNITT</span></p>\r\n<h1>Sinfoniekonzert 2007</h1>\r\n<p><span style="font-weight: normal; font-size: 12px;"><em>Sinfonie Nr. 8, h-moll &bdquo;Unvollendete&ldquo; von Franz Schubert<br />Sinfonie Nr. 1, c-moll von Johannes Brahms</em></span></p>\r\n<p><em>camerata academica freiburg<br />Manuel Nawri (Leitung)</em></p>\r\n<p><strong>Konzerthaus Freiburg</strong></p>\r\n<h3>H&ouml;rbeispiele:</h3>\r\n<p>Franz Schubert (1797-1828)<br /><a href="files/01_sinfoniekonzert_2007.mp3" target="Audio">Sinfonie Nr. 8 - Allegro moderato</a><br /><a href="files/02_sinfoniekonzert_2007.mp3" target="Audio">Sinfonie Nr. 8 - Andante con moto</a></p>\r\n<p>Johannes Brahms (1833-1897)<br /><a href="files/03_sinfoniekonzert_2007.mp3" target="Audio">Sinfonie Nr. 1 - Un poco sostenuto, Allegro<br /></a><a href="files/04_sinfoniekonzert_2007.mp3" target="Audio">Sinfonie Nr. 1 - Andante sostenuto<br /></a><a href="files/05_sinfoniekonzert_2007.mp3" target="Audio">Sinfonie Nr. 1 - Un poco Allegretto e grazioso<br /></a><a href="files/06_sinfoniekonzert_2007.mp3" target="Audio">Sinfonie Nr. 1 - Adagio - Pi&ugrave; Andante - Allegro non troppo ma con brio - Pi&ugrave; Allegro</a></p>\r\n<p>&nbsp;</p>\r\n<p class="ornament">&nbsp;</p>', '', '', '', '', '', '', '', '', '', '', '', '', '', '', '', '', '', '', '', '', '', '', '', '', '', '', '', '', '', '', '', '', '', '', '', '', '', '', '', '', '', '', '', '', '', '', '', '', '', '', '', '', '', '', '', '', '', '', '', '', '', 5, 1, 1286349843, 1286349843, 'Katharina', 'Katharina', 0, 0),
(142, 0, 1, 0, '<p class="marginalie"><img height="200" ismap="ismap" src="files/cd_1.jpg" width="200" /></p>\r\n<p><span style="font-weight: normal;">SAMSTAG, DEN 27. M&auml;rz 2010 &bull; KONZERTMITSCHNITT</span></p>\r\n<h1>Sinfoniekonzert 2010</h1>\r\n<p><span style="font-weight: normal; font-size: 12px;"><em>1. Klavierkonzert von Johannes Brahms<br />d-Moll, op.15<br />4. Sinfonie von Robert Schumann</em></span><br />d-Moll, op.120<br /><br /><em>camerata academica freiburg<br />Manuel Nawri (Leitung)</em></p>\r\n<p><strong>Theodor-Egel-Saal | Freiburg </strong></p>\r\n<p><strong><br /></strong></p>\r\n<p class="ornament">&nbsp;</p>', '', '', '', '', '', '', '', '', '', '', '', '', '', '', '', '', '', '', '', '', '', '', '', '', '', '', '', '', '', '', '', '', '', '', '', '', '', '', '', '', '', '', '', '', '', '', '', '', '', '', '', '', '', '', '', '', '', '', '', '', '', 5, 1, 1286349517, 1286349823, 'Katharina', 'Katharina', 0, 1),
(52, 0, 1, 0, 'Michael Poliatskin', '<p>Der Pianist Michael Poliatskin&nbsp;schloss 1997 sein Studium mit dem Solistenexamen an der Staatlichen Hochschule f&uuml;r Musik Freiburg bei Prof. F. Gottlieb mit Auszeichnung ab.</p>', '<p class="marginalie"><img height="266" ismap="ismap" src="files/michael_poliatskin.jpg" width="200" /></p>\r\n<h1>Michael Poliatskin&nbsp;</h1>\r\n<p>1967 in&nbsp;St. Petersburg geboren, erhielt Michael Poliatskin seinen ersten Klavierunterricht im Alter von f&uuml;nf Jahren. Nachdem er 1986 das Staatliche Musikcollege in St. Petersburg mit Auszeichnung absolvierte, folgte ein Studium bei Prof. R. Lebedev am Staatlichen Konservatorium St. Petersburg und 1990 seine Emigration nach Israel. Sein Aufbaustudium an der Musikakademie in Jerusalem bei Prof. I. Berkowitch beendete er mit dem Abschluss "K&uuml;nstlerdiplom". 1997 schloss er sein Studium mit dem Solistenexamen an der Staatlichen Hochschule f&uuml;r Musik Freiburg bei Prof. F. Gottlieb mit Auszeichnung ab.</p>\r\n<p>Michael Poliatskin war Stipendiat der America-Israel Cultural Foundation, Finalist des Internationalen Klavierwettbewerbs St. Nom-la-Bret&egrave;che (Frankreich, 1992) und Teilnehmer zahlreicher Internationaler Festivals. 2001 gr&uuml;ndete er ein Kammermusikensemble "MusicArt Trio", welches 2006 eine CD mit Ersteinspielungen italienischer Kammermusik des 19. Jh. aufnahm. 2005 trat Michael Poliatskin als Solist bei der Tournee mit dem Orchester camerata academica freiburg in Australien, Neuseeland, Thailand und USA auf. Neben seiner Konzertt&auml;tigkeit als Solopianist und Kammermusiker ist Michael Poliatskin auch als Klavierp&auml;dagoge t&auml;tig.</p>', '', '', '', '', '', '', '', '', '', '', '', '', '', '', '', '', '', '', '', '', '', '', '', '', '', '', '', '', '', '', '', '', '', '', '', '', '', '', '', '', '', '', '', '', '', '', '', '', '', '', '', '', '', '', '', '', '', '', '', 37, 7, 1260280484, 1260537446, 'Götz', 'admin', NULL, 0),
(390, 0, 1, 0, '8.-13. August 2012', 'Brahms Requiem\r\n', 'Konzertreise mit dem Freiburger Kantatenchor nach Südtirol', 'Kloster Neustift/Brixen Südtirol ', '<p>Probezeiten und genaue Angaben der Konzerte folgen.</p>', '<p><a href="redaxo://63" title="Proben Neustift 2012">Probenplan</a></p>', 'camerata academica freiburg\r\nKantatenchor Freiburg\r\nund weitere Ensembles', '', '', '', '', '', '', '', '', '', '', '', '', '', '', '', '', '', '', '', '', '', '', '', '', '', '', '', '', '', '', '', '', '', '', '', '', '', '', '', '', '', '', '', '', '', '', '', '', '', '', '', '', '', '', '', 59, 2, 1354176205, 1354176205, 'claus', 'claus', 0, 0),
(235, 0, 1, 0, 'Sonntag, 11.09.2011, 11:45 Uhr', 'A. Dvorák "Aus der neuen Welt"\r\nBeethoven 2. Klavierkonzert', '', 'Steinhalle Emmendingen', '<p>Probenwoche mit Manuel Nawri</p>\r\n<p>03.-10. September 2011</p>\r\n<p>Beethoven - 2. Klavierkonzert - Michael Poliatskin</p>\r\n<p>Dvor&aacute;k - Symphonie Nr. 9 "Aus der neuen Welt"</p>', '<p><a href="redaxo://57" title="Bilder Auvergene 2010"><img height="180" ismap="ismap" src="files/auvergne_2010_02.jpg" style="float: right;" title="Bildergalerie Auvergne 2010" width="240" /></a>Das Konzert in Emmendingen ist der Abschlu&szlig; einer einw&ouml;chigen Probenphase vom 3.9.-10.9.2011 in der Auvergne <a href="files/einladung_und_anmeldung_auvergne.pdf" title="Einladungsschreiben (PDF)">(Einladung/Anmeldung als PDF)</a>, die von unserem Dirigenten <a href="redaxo://3" title="dirigent">Manuel Nawri</a> geleitet wird. Wir freuen uns, dass insbesondere der Solist <a href="redaxo://37" title="Michael Poliatskin">Michael Poliatskin</a> unsere Probenarbeit in Frankreich begleitet.</p>\r\n<p>Als Unterkunft und Probenort steht uns <a href="http://www.lerocfoucaud.com/">"Le Roc Foucaud"</a> (<a href="redaxo://56" title="LeRocFoucaudKarte">&rarr;Google</a>) zur Verf&uuml;gung. Weitere Bilder von der Location finden sich <a href="redaxo://57" title="Bilder Auvergene 2010">&rarr;hier </a>oder durch Anklicken des Fotos.</p>\r\n<p>&nbsp;</p>', 'camerata academica freiburg\r\nManuel Nawri, Leitung\r\nMichael Poliatskin, Klavier\r\n', '', '', '', '', '', '', '', '', '', '', '', '', '', '', '', '', '', '', '', '', '', '', '', '', '', '', '', '', '', '', '', '', '', '', '', '', '', '', '', '', '', '', '', '', '', '', '', '', '', '', '', '', '', '', '', 54, 2, 1315771774, 1315771774, 'claus', 'claus', 0, 0),
(25, 0, 1, 0, '<h1 class="marginalie">Interessenten</h1>\r\n<p><strong>Neue Mitspieler</strong></p>\r\n<p>Die camerata academica freiburg ist als Projektorchester immer f&uuml;r neue Musiker offen. Unsere Mitspieler sind ambitionierte Amateur-Musiker, Musik-Studenten und Profimusiker. Unter der Leitung unseres k&uuml;nstlerischen Leiters Manuel Nawri und wechselnder Gastdirigenten spielen wir vier Konzerte im Jahr.</p>\r\n<p>Das Konzertjahr des Orchesters umfasst traditionell ein sinfonisches Programm f&uuml;r gro&szlig;es Orchester im Fr&uuml;hjahr mit einer Probenphase in Frankreich, ein Chor-Programm mit dem befreundeten Freiburger Kantatenchor im Sommer, ein Matinee-Konzert mit Kammermusik im Herbst sowie ein Weihnachtskonzert in kleinerer Besetzung in der Adventszeit.</p>\r\n<p>Wir w&uuml;rden uns freuen, Euch als neue Mitspieler zu gewinnen und f&uuml;r eine regelm&auml;&szlig;ige Teilnahme zu begeistern.</p>\r\n<h1 class="marginalie">Requiem / Toskana<br /></h1>\r\n<p><strong>Oktober / November 2010 und Juni 2011 <br /><a href="files/attachment.doc" onclick="window.open(this.href); return false;" title="Anmeldung Toskana und Requiem">Anmeldung und Infos</a> <br /></strong></p>\r\n<p><strong><br /></strong></p>\r\n<h1 class="marginalie">Frankreich 2011</h1>\r\n<p><strong>Sinfoniekonzert mit Probenphase in der Auvergne </strong></p>\r\n<p>Probenphase: <span style="white-space:pre"> </span>03.-09. September 2011<br />Konzert:<span style="white-space:pre"> </span>10. September 2011</p>\r\n<p><strong>Programm:</strong></p>\r\n<p>Beethoven, Dvorak</p>\r\n<p><strong>Organisatorisches:</strong></p>\r\n<p>Die Kosten inkl. Mahlzeiten (in Frankreich) f&uuml;r die Zeit vom 03.-09.09. 2011 werden in K&uuml;rze bekanntgegeben. Dies umfasst auch die Kosten f&uuml;r die Fahrt Freiburg-Auvergne und zur&uuml;ck. Das Landhaus in der Auvergne bietet die M&ouml;glichkeit (je nach Wetterlage) zum Schwimmen (Pool), Fu&szlig;ball, Tennis, Mini-Golf, Tischtennis, Billard und Kajak.&nbsp;</p>\r\n<p>&nbsp;</p>', '', '', '', '', '', '', '', '', '', '', '', '', '', '', '', '', '', '', '', '', '', '', '', '', '', '', '', '', '', '', '', '', '', '', '', '', '', '', '', '', '', '', '', '', '', '', '', '', '', '', '', '', '', '', '', '', '', '', '', '', '', 7, 1, 1259589725, 1303943313, 'admin', 'Katharina', NULL, 0),
(27, 0, 1, 0, '<p class="marginalie"><a href="redaxo://27" title="Auvergene 2010"><img height="194" ismap="ismap" src="files/auvergne_2010_01.jpg" width="260" /></a></p>\r\n<h1>Auvergene 2010</h1>\r\n<p><span style="font-weight: normal; font-size: 14px;">Um schonmal einen Eindruck des Landhauses in der Auvergne zu bekommen,&nbsp;<span style="font-size: 14px;">k&ouml;nnt ihr hier einige Fotos ansehen, die wir bei unserer&nbsp;<span style="font-size: 14px;">Besichtigung gemacht haben:</span></span></span></p>\r\n<p><a href="redaxo://27" title="Auvergene 2010">Zur Bildergalerie &raquo;</a></p>', '', '', '', '', '', '', '', '', '', '', '', '', '', '', '', '', '', '', '', '', '', '', '', '', '', '', '', '', '', '', '', '', '', '', '', '', '', '', '', '', '', '', '', '', '', '', '', '', '', '', '', '', '', '', '', '', '', '', '', '', '', 23, 1, 1259669726, 1259951944, 'admin', 'Götz', NULL, 0),
(29, 0, 1, 0, '<h1 class="marginalie">Auvergene 2010</h1>\r\n<p>&nbsp;</p>', '', '', '', '', '', '', '', '', '', '', '', '', '', '', '', '', '', '', '', '', '', '', '', '', '', '', '', '', '', '', '', '', '', '', '', '', '', '', '', '', '', '', '', '', '', '', '', '', '', '', '', '', '', '', '', '', '', '', '', '', '', 27, 1, 1259671127, 1259951989, 'admin', 'Götz', NULL, 0),
(30, 0, 1, 29, '', '', '', '', '', '', '', '', '', '', '', '', '', '', '', '', '', '', '', '', '', '', '', '', '', '', '', '', '', '', 'auvergne_2010_01.jpg,auvergne_2010_02.jpg,auvergne_2010_03.jpg,auvergne_2010_04.jpg,auvergne_2010_05.jpg,auvergne_2010_06.jpg,auvergne_2010_07.jpg,auvergne_2010_08.jpg,auvergne_2010_09.jpg,auvergne_2010_10.jpg,auvergne_2010_11.jpg,auvergne_2010_12.jpg,auvergne_2010_13.jpg,auvergne_2010_14.jpg,auvergne_2010_15.jpg,auvergne_2010_16.jpg,auvergne_2010_17.jpg,auvergne_2010_18.jpg,auvergne_2010_19.jpg,auvergne_2010_20.jpg,auvergne_2010_21.jpg,auvergne_2010_22.jpg,auvergne_2010_23.jpg,auvergne_2010_24.jpg,auvergne_2010_25.jpg,auvergne_2010_26.jpg,auvergne_2010_27.jpg,auvergne_2010_28.jpg,auvergne_2010_29.jpg,auvergne_2010_30.jpg,auvergne_2010_31.jpg,auvergne_2010_32.jpg,auvergne_2010_33.jpg,auvergne_2010_34.jpg,auvergne_2010_35.jpg,auvergne_2010_36.jpg,auvergne_2010_37.jpg,auvergne_2010_38.jpg,auvergne_2010_39.jpg,auvergne_2010_40.jpg,auvergne_2010_41.jpg,auvergne_2010_42.jpg,auvergne_2010_43.jpg,auvergne_2010_44.jpg,auvergne_2010_45.jpg,auvergne_2010_46.jpg', '', '', '', '', '', '', '', '', '', '', '', '', '', '', '', '', '', '', '', '', '', '', '', '', '', '', '', '', '', '', '', 27, 6, 1259671222, 1259671222, 'admin', 'admin', NULL, 0),
(429, 0, 1, 428, '', '', '', '', '', '', '', '', '', '', '', '', '', '', '', '', '', '', '', '', '', '', '', '', '', '', '', '', '', '', '', '', '', '', '', '', '', '', '', '', '', '', '', '', '', '', '', '', '', '', '', '', '', '', '', '', '', '', '', '', '', '', 1, 1, 1392130894, 1392130894, 'Katharina', 'Katharina', 0, 0),
(428, 0, 1, 0, '2', '', '', '', '', '', '', '', '', '', '', '', '', '', '', '', '', '', '', '', '', '', '', '', '', '', '', '', '', '', '', '', '', '', '', '', '', '', '', '', '', '', '', '', '', '', '', '', '', '', '', '', '', '', '', '', '', '', '', '', '', '', 1, 5, 1392130894, 1392130894, 'Katharina', 'Katharina', 0, 0),
(33, 0, 1, 0, '<p class="marginalie"><img height="73" ismap="ismap" src="files/sparkasse-freiburg.gif" width="275" /></p>\r\n<p>Die <strong>Sparkasse Freiburg-N&ouml;rdlicher Breisgau</strong> unterst&uuml;tzt die camerata acedemica freiburg als regelm&auml;&szlig;iger F&ouml;rderer.</p>\r\n<p class="clear">&nbsp;</p>\r\n<p class="marginalie"><img height="120" ismap="ismap" src="files/freiburger-aerzte-consultin.gif" width="275" /></p>\r\n<p>Das Unternehmen <strong>Freiburger &Auml;rzte Consulting</strong> unterst&uuml;tzt die camerata acedemica freiburg als regelm&auml;&szlig;iger F&ouml;rderer.</p>\r\n<p class="clear">&nbsp;</p>\r\n<p class="marginalie"><img height="162" ismap="ismap" src="files/colombi-hotel.gif" width="275" /></p>\r\n<p>Das&nbsp;<strong>Colombi Hotel Freiburg</strong>&nbsp;unterst&uuml;tzt die camerata acedemica freiburg als regelm&auml;&szlig;iger F&ouml;rderer.</p>\r\n<p>&nbsp;</p>', '', '', '', '', '', '', '', '', '', '', '', '', '', '', '', '', '', '', '', '', '', '', '', '', '', '', '', '', '', '', '', '', '', '', '', '', '', '', '', '', '', '', '', '', '', '', '', '', '', '', '', '', '', '', '', '', '', '', '', '', '', 29, 1, 1259676651, 1260616042, 'admin', 'admin', NULL, 0),
(55, 0, 1, 0, '<p>&nbsp;</p>\r\n<h1 class="marginalie">Datenschutzhinweis</h1>\r\n<p>Die Nutzung unserer Webseite ist in der Regel ohne Angabe personenbezogener Daten m&ouml;glich. Soweit auf unseren Seiten personenbezogene Daten (beispielsweise Name, Anschrift oder eMail-Adressen) erhoben werden, erfolgt dies, soweit m&ouml;glich, stets auf freiwilliger Basis. Diese Daten werden ohne Ihre ausdr&uuml;ckliche Zustimmung nicht an Dritte weitergegeben.</p>\r\n<p>Wir weisen darauf hin, dass die Daten&uuml;bertragung im Internet (z.B. bei der Kommunikation per E-Mail) Sicherheitsl&uuml;cken aufweisen kann. Ein l&uuml;ckenloser Schutz der Daten vor dem Zugriff durch Dritte ist nicht m&ouml;glich.</p>\r\n<p>Der Nutzung von im Rahmen der Impressumspflicht ver&ouml;ffentlichten Kontaktdaten durch Dritte zur &Uuml;bersendung von nicht ausdr&uuml;cklich angeforderter Werbung und Informationsmaterialien wird hiermit ausdr&uuml;cklich widersprochen. Die Betreiber der Seiten behalten sich ausdr&uuml;cklich rechtliche Schritte im Falle der unverlangten Zusendung von Werbeinformationen, etwa durch Spam-Mails, vor.</p>\r\n<p class="marginalie"><strong>Wir ben&uuml;tzen Google Analytics um unsere Seiten noch besser f&uuml;r Sie aufbereiten zu k&ouml;nnen.</strong></p>\r\n<p>Diese Website benutzt Google Analytics, einen Webanalysedienst der Google Inc. (&bdquo;Google&ldquo;) Google Analytics verwendet sog. &bdquo;Cookies&ldquo;, Textdateien, die auf Ihrem Computer gespeichert werden und die eine Analyse der Benutzung der Website durch Sie erm&ouml;glicht. Die durch den Cookie erzeugten Informationen &uuml;ber Ihre Benutzung diese Website (einschlie&szlig;lich Ihrer IP-Adresse) wird an einen Server von Google in den USA &uuml;bertragen und dort gespeichert.</p>\r\n<p>Google wird diese Informationen benutzen, um Ihre Nutzung der Website auszuwerten, um Reports &uuml;ber die Websiteaktivit&auml;ten f&uuml;r die Websitebetreiber zusammenzustellen und um weitere mit der Websitenutzung und der Internetnutzung verbundene Dienstleistungen zu erbringen. Auch wird Google diese Informationen gegebenenfalls an Dritte &uuml;bertragen, sofern dies gesetzlich vorgeschrieben oder soweit Dritte diese Daten im Auftrag von Google verarbeiten.</p>\r\n<p><strong>Google wird in keinem Fall Ihre IP-Adresse mit anderen Daten der Google in Verbindung bringen.</strong></p>\r\n<p>Sie k&ouml;nnen die Installation der Cookies durch eine entsprechende Einstellung Ihrer Browser Software verhindern; wir weisen Sie jedoch darauf hin, dass Sie in diesem Fall gegebenenfalls nicht s&auml;mtliche Funktionen dieser Website voll umf&auml;nglich nutzen k&ouml;nnen. Durch die Nutzung dieser Website erkl&auml;ren Sie sich mit der Bearbeitung der &uuml;ber Sie erhobenen Daten durch Google in der zuvor beschriebenen Art und Weise und zu dem zuvor benannten Zweck einverstanden.</p>', '', '', '', '', '', '', '', '', '', '', '', '', '', '', '', '', '', '', '', '', '', '', '', '', '', '', '', '', '', '', '', '', '', '', '', '', '', '', '', '', '', '', '', '', '', '', '', '', '', '', '', '', '', '', '', '', '', '', '', '', '', 38, 1, 1260355908, 1260355988, 'admin', 'admin', NULL, 0),
(54, 0, 1, 25, '', '<p>Um einen Eindruck des Landhauses in der Auvergne zu bekommen,&nbsp;k&ouml;nnt Ihr hier einige Fotos ansehen, die wir bei unserer&nbsp;Besichtigung gemacht haben.&nbsp;</p>', '', '', '', '', '', '', '', '', '', '', '', '', '', '', '', '', '', '', '', '', '', '', '', '', '', '', '', '', 'auvergne_2010_01.jpg,auvergne_2010_02.jpg,auvergne_2010_03.jpg,auvergne_2010_04.jpg,auvergne_2010_05.jpg,auvergne_2010_06.jpg,auvergne_2010_07.jpg,auvergne_2010_08.jpg,auvergne_2010_09.jpg,auvergne_2010_10.jpg,auvergne_2010_11.jpg,auvergne_2010_12.jpg,auvergne_2010_13.jpg,auvergne_2010_14.jpg,auvergne_2010_15.jpg,auvergne_2010_16.jpg,auvergne_2010_17.jpg,auvergne_2010_18.jpg,auvergne_2010_19.jpg,auvergne_2010_20.jpg,auvergne_2010_21.jpg,auvergne_2010_22.jpg,auvergne_2010_23.jpg,auvergne_2010_24.jpg,auvergne_2010_25.jpg,auvergne_2010_26.jpg,auvergne_2010_27.jpg,auvergne_2010_28.jpg,auvergne_2010_29.jpg,auvergne_2010_30.jpg,auvergne_2010_31.jpg,auvergne_2010_32.jpg,auvergne_2010_33.jpg,auvergne_2010_34.jpg,auvergne_2010_35.jpg,auvergne_2010_36.jpg,auvergne_2010_37.jpg,auvergne_2010_38.jpg,auvergne_2010_39.jpg,auvergne_2010_40.jpg,auvergne_2010_41.jpg,auvergne_2010_42.jpg,auvergne_2010_43.jpg,auvergne_2010_44.jpg,auvergne_2010_45.jpg,auvergne_2010_46.jpg', '', '', '', '', '', '', '', '', '', '', '', '', '', '', '', '', '', '', '', '', '', '', '', '', '', '', '', '', '', '', '', 7, 9, 1260286347, 1260544583, 'admin', 'admin', NULL, 0),
(45, 0, 1, 0, '', '', '', '', '', '', '', '', '', '', '', '', '', '', '', '', '', '', '', '', '', '', '', '', '', '', '', '', '', '', '', '', '', '', '', '', '', '', '', '', '', '', '', '', '', '', '', '', '', '', '', '', '', '', '', '', '', '', '', '', '', '', 35, 8, 1259840708, 1259840708, 'admin', 'admin', NULL, 0),
(398, 0, 1, 0, 'Katharina Persicke', '<p>&bdquo;Wieviel Kraft diese Musik spenden kann, l&auml;sst Katharina Persicke die Zuh&ouml;rer in &sbquo;Ihr habt nun Traurigkeit&rsquo; sp&uuml;ren. Die Freiburger Sopranistin reichert die vielen langen T&ouml;ne wie beim heiklen Einstieg mit Farben an und l&auml;sst den melodischen Flu&szlig; immer weiter str&ouml;men. So viel Trost war nie!&ldquo; schreibt die Presse &uuml;ber die junge Sopranistin.</p>', '<p class="marginalie"><img height="270" ismap="ismap" src="files/kathi_1.jpg" width="180" /></p>\r\n<p><a href="http://www.katharinapersicke.de">www.katharinapersicke.de</a></p>\r\n<p>&nbsp;</p>\r\n<p>&nbsp;</p>\r\n<p>&nbsp;</p>\r\n<p>&nbsp;</p>\r\n<p>&nbsp;</p>\r\n<p>&nbsp;</p>\r\n<p>&nbsp;</p>\r\n<p>&nbsp;</p>\r\n<p>&nbsp;</p>\r\n<p>&nbsp;</p>\r\n<p>&nbsp;</p>\r\n<p><br /></p>', '', '', '', '', '', '', '', '', '', '', '', '', '', '', '', '', '', '', '', '', '', '', '', '', '', '', '', '', '', '', '', '', '', '', '', '', '', '', '', '', '', '', '', '', '', '', '', '', '', '', '', '', '', '', '', '', '', '', '', 34, 7, 1354983699, 1354983699, 'Katharina', 'Katharina', 0, 0),
(400, 0, 1, 0, '28. März 2014 - 20.15 Uhr ', 'Tango für "Freiburg Miteinander"', 'Piazzolla arrangiert von Héctor Urbon', '28.03.2014, 20.15 Uhr, Kaisersaal | Historisches Kaufhaus Freiburg\r\n\r\n', '<p><a href="redaxo://71" title="Proben Venedig 2013">Probenplan T</a>ango</p>', '<p>\r\n<style type="text/css"><!--\r\nP { margin-bottom: 0.21cm; direction: ltr; color: rgb(0, 0, 0); widows: 2; orphans: 2; }P.western { font-family: "Times New Roman",serif; font-size: 12pt; }P.cjk { font-family: "Times New Roman",serif; font-size: 12pt; }P.ctl { font-family: "Times New Roman",serif; font-size: 12pt; }A:link { color: rgb(0, 0, 255); }\r\n--></style>\r\n</p>\r\n<p lang="it-IT" style="margin-bottom: 0.49cm;"><span style="font-family: Arial,sans-serif;"><span style="font-size: large;">Tango orchestral </span></span></p>\r\n<p style="margin-top: 0.49cm; margin-bottom: 0.49cm;"><span style="font-family: Arial,sans-serif;"><strong>Die </strong></span><span style="font-family: Arial,sans-serif;"><em><strong>camerata academica freiburg e.V.</strong></em></span><span style="font-family: Arial,sans-serif;"><strong> und H&eacute;ctor Urb&oacute;n spielen Musik von Astor Piazzolla </strong></span></p>\r\n<p style="margin-top: 0.49cm; margin-bottom: 0.49cm;"><span style="font-family: Arial,sans-serif;">Meistens werden Tangos nur von einem kleinen Ensemble interpretiert. Beim Konzert der </span><span style="font-family: Arial,sans-serif;"><em>camerata academica freiburg </em></span><span style="font-family: Arial,sans-serif;">mit H&eacute;ctor Urb&oacute;n (Bandoneon) am Freitag, 28. M&auml;rz 2014 um 20.15 Uhr im Kaisersaal des Historischen Kaufhauses Freiburg wird die Musik von Astor Piazzolla dagegen von einem ganzen Streichorchester zum Leben erweckt (musikalische Leitung: Gunnar Persicke). Die Arrangements hat der in Buenos Aires geborene, in Kirchzarten lebende Bandoeonist dabei extra f&uuml;r das ambitionierte Freiburger Orchester geschrieben. "Ich habe dabei versucht, so einfach wie m&ouml;glich zu bleiben, um die Essenz der Musik von Astor Piazzolla nicht zu verfremden. Deswegen bevorzuge ich mehr das Wort Adaptation als Arrangement", sagt Urb&oacute;n. "Ich versuche dabei, die intime Sensibilit&auml;t des Tangos darzustellen, welche er selbst manchmal zu verstecken versucht."</span></p>\r\n<p style="margin-top: 0.49cm; margin-bottom: 0.49cm;"><span style="font-family: Arial,sans-serif;">Das Konzert ist ein Benefizkonzert f&uuml;r das Nachbarschaftswerk "Freiburg miteinander". Damit unterst&uuml;tzt das Orchester die professionelle Vermittlung und Begleitung von sozial benachteiligten Kindern in Patenschaften. Dar&uuml;ber hinaus finden im Nachbarschaftswerk Menschen unterschiedlicher Stadtteile, Generationen und Kulturen zusammen. Der Tango wird an diesem Abend zum Schrittmacher dieser Verbindung. </span></p>\r\n<p style="margin-top: 0.49cm; margin-bottom: 0.49cm;"><span style="font-family: Arial,sans-serif;"><em>Benefizkonzert der camerata academica freiburg mit H&eacute;ctor Urb&oacute;n (Bandoneon) f&uuml;r "Freiburg miteinander" (Leitung: Gunnar Persicke). </em></span><span style="font-family: Arial,sans-serif;"><span lang="it-IT"><em>Tangos von Astor Piazzolla. </em></span></span><span style="font-family: Arial,sans-serif;"><em>Freitag, 28. M&auml;rz 2014, Kaisersaal des Historische Kaufhauses Freiburg, 20.15 Uhr (Einlass: 19.30 Uhr). Eintritt frei, Spenden erbeten.</em></span></p>\r\n<p>&nbsp;</p>', 'camerata academica freiburg\r\nHéctor Urbon, Bandoneon\r\nGunnar Persicke, Leitung', '', '', '', '', '', '', '', '', '', '', '', '', '', '', '', '', '', '', '', '', '', '', '', '', '', '', '', '', '', '', '', '', '', '', '', '', '', '', '', '', '', '', '', '', '', '', '', '', '', '', '', '', '', '', '', 70, 2, 1354984137, 1395679826, 'Katharina', 'claus', 0, 1);
INSERT INTO `rex_article_slice` (`id`, `clang`, `ctype`, `re_article_slice_id`, `value1`, `value2`, `value3`, `value4`, `value5`, `value6`, `value7`, `value8`, `value9`, `value10`, `value11`, `value12`, `value13`, `value14`, `value15`, `value16`, `value17`, `value18`, `value19`, `value20`, `file1`, `file2`, `file3`, `file4`, `file5`, `file6`, `file7`, `file8`, `file9`, `file10`, `filelist1`, `filelist2`, `filelist3`, `filelist4`, `filelist5`, `filelist6`, `filelist7`, `filelist8`, `filelist9`, `filelist10`, `link1`, `link2`, `link3`, `link4`, `link5`, `link6`, `link7`, `link8`, `link9`, `link10`, `linklist1`, `linklist2`, `linklist3`, `linklist4`, `linklist5`, `linklist6`, `linklist7`, `linklist8`, `linklist9`, `linklist10`, `php`, `html`, `article_id`, `modultyp_id`, `createdate`, `updatedate`, `createuser`, `updateuser`, `next_article_slice_id`, `revision`) VALUES
(56, 0, 1, 0, 'Sonntag, den 5. Juli • 19 Uhr ', 'Elias', 'von Felix Mendelssohn Bartholdy', 'Maria-Hilf-Kirche, Freiburg', '<p>Das Konzert wurde in gleicher Besetzung am&nbsp;<span style="font-family: Arial, Verdana, sans-serif; white-space: pre-wrap;">Samstag, 4. Juli um 19 Uhr in der evangelischen Kirche in Ihringen aufgef&uuml;hrt.</span></p>', '<p><strong>Konzertkritik</strong></p>\r\n<p>aus der Badischen Zeitung vom 6. Juli 2009 von&nbsp;Johannes Adam</p>\r\n<h1>Ein "Elias" unter Hochdruck</h1>\r\n<p><strong>Unter der Leitung seines Chefs Wolfgang Failer f&uuml;hrte der Freiburger Kantatenchor Mendelssohns Oratorium "Elias" in der Freiburger Maria-Hilf-Kirche auf. Vorausgegangen war eine Wiedergabe in der Evangelischen Kirche in Ihringen am Kaiserstuhl.</strong></p>\r\n<p>271 S&auml;nger, 125 Orchestermitglieder und etwa 2000 Zuh&ouml;rer &ndash; diese Zahlen der Urauff&uuml;hrung anno 1846 in Birminghams Stadthalle erreichte jetzt die Freiburger Interpretation durch den Kantatenchor (der eine Wiedergabe in Ihringen vorausgegangen war) nicht. Dennoch zeigte sich die Maria-Hilf-Kirche betr&auml;chtlich gef&uuml;llt, als Wolfgang Failer seine Sicht auf Mendelssohns "Elias" pr&auml;sentierte. Ein Vorhaben, das zumindest den pauschalen Vergleich geradezu herausfordert: Hatte Morten Schuldt-Jensen mit dem Freiburger Kammerchor im Februar insgesamt bereits eine dramatische Version dieses Oratoriums geboten, so schob Failer nun eine hoch dramatische nach. Ein Projekt freilich, bei dem, wie bei Vereinsevents auf dem Land, Honoratioren noch per Ansage gebauchpinselt werden. Ein Unternehmen obendrein, das sp&uuml;rbar unter Legitimationsdruck stand. Der sich in Phonst&auml;rke entlud. Warum eigentlich?</p>\r\n<p>Grundlos! Denn: Man h&ouml;rte einen technisch durchaus gekonnten "Elias", bei dem lediglich mancher wacklige, fast arpeggiert klingende (Chor-)Einsatz dann doch eher auf die zweite Liga deutete. Eine "Elias"-Arbeit, der es oft an dynamischer Differenzierung gebrach. "Rufet lauter!" &ndash; wurde dieser Imperativ des Protagonisten allzu w&ouml;rtlich genommen? Gewiss, der Komponist (und aktuelle Jahresjubilar) wollte hier bekanntlich &uuml;ppige Ch&ouml;re schreiben. Aber das dann heute derart kraftmeierisch zu realisieren, ist Indikator einer historischen Auff&uuml;hrungspraxis der etwas anderen, antiquierten, ja inzwischen obsoleten Art.</p>\r\n<p><strong>Das Pfund des Abends waren die Vokalsolisten</strong></p>\r\n<p>Laut wurde es meist dann, wenn der gro&szlig;e, gut trainierte, einsatzfreudige Chor ins Spiel kam. Manko: dessen Textverst&auml;ndlichkeit, die bei diesem Al-fresco-"Elias" bisweilen gegen null tendierte. Dazu gab es ein t&uuml;chtiges Orchester (die "camerata academica freiburg" mit exzellenten Blechbl&auml;sern), das jedoch mehr auf Balance und Piano-Tugenden h&auml;tte eingeschworen werden m&uuml;ssen.</p>\r\n<p>Aber just mit den Nuancen des Leisen hatte es Wolfgang Failer offenkundig weniger.Aber just mit den Nuancen des Leisen hatte es Wolfgang Failer offenkundig weniger. Dessen beidarmig raumgreifendes Dirigat nicht selten so wirkte, als ob es "Adelers Fittichen" aus dem popul&auml;ren Kirchenlied Konkurrenz machen wollte. Gleichwohl, die Auslegung gewann in Teil II an Empfindsamkeit. Pfund des Abends waren die vier zentralen Vokalsolisten. Allen voran der Bassbariton Manfred Bittner als kerniger, substanzreicher, nie grobschl&auml;chtiger Elias, dem auch feine Ironie zu Gebote steht. Ausdrucksintensiv Katharina Persickes Zerlina-Sopran. Immer wieder ein Erlebnis Susanne Ottos dunkler, gl&uuml;hender Alt. Min Woo Lim als Tenorlyriker mit Qualit&auml;t war schon beim Kammerchor dabei.</p>\r\n<p>Dass man bei der zehnmin&uuml;tigen Zwischenaktpause das Gotteshaus zum Quasselforum mit entsprechender Ger&auml;uschkulisse degradierte, war der W&uuml;rde des Ortes unangemessen.</p>\r\n<p>&nbsp;</p>', 'Katharina Persicke (Sopran), Susanne Otto (Alt), Min Woo Lim (Tenor) und Manfred Bittner (Bass)\r\nFreiburger Kantatenchor\r\ncamerata academica freiburg\r\nWolfgang Failer, Leitung', '', '', '', '', '', '', '', '', '', '', '', '', '', '', '', '', '', '', '', '', '', '', '', '', '', '', '', '', '', '', '', '', '', '', '', '', '', '', '', '', '', '', '', '', '', '', '', '', '', '', '', '', '', '', '', 24, 2, 1260555238, 1260624710, 'admin', 'admin', NULL, 0),
(470, 0, 1, 0, '5. August - 11. August 2008', 'Konzertreise Südtirol', 'Die Schöpfung von Joseph Haydn', 'Kloster Neustift, Italien', '<p>Im Rahmen der Internationale Musikwochen -&nbsp;35 Jahre Kloster Neustift/Brixen S&uuml;dtirol wurden zwei Konzerte mit Die Sch&ouml;pfung von Joseph Haydn aufgef&uuml;hrt.</p>\r\n<div></div>', '<p>Im Rahmen der Internationale Musikwochen -&nbsp;35 Jahre Kloster Neustift/Brixen S&uuml;dtirol wurden zwei Konzerte mit Die Sch&ouml;pfung von Joseph Haydn aufgef&uuml;hrt.</p>\r\n<p>Samstag, den 9. August 2008 in der&nbsp;Pfarrkirche&nbsp;Sterzing</p>\r\n<p>Sonntag, den 10 August 2008 in der&nbsp;Basilika des Klosters&nbsp;Neustift</p>\r\n<p>&nbsp;</p>', 'Katharina Persicke (Sopran), Min Woo Lim (Tenor), Johannes M. Kösters (Bass)\r\nErdinger Kammerorchester, camerata academica freiburg, Tivon chamber choir, Freiburger Kantatenchor, Singkreis Neustift\r\nWolfgang Failer (Leitung)\r\n', '', '', '', '', '', '', '', '', '', '', '', '', '', '', '', '', '', '', '', '', '', '', '', '', '', '', '', '', '', '', '', '', '', '', '', '', '', '', '', '', '', '', '', '', '', '', '', '', '', '', '', '', '', '', '', 47, 2, 1410006024, 1410006024, 'cafev', 'cafev', 0, 0),
(59, 0, 1, 0, 'Donnerstag, den 20. März 2008 • 19 Uhr ', 'Kammerkonzert 2008', 'mit Werken von Bax, Mendelssohn und Schubert', '"Haus zur lieben Hand", Freiburg', '<p>Benefizkonzert zugunsten&nbsp;<a href="http://www.psych.uni-goettingen.de/home/barke/sga/" target="_blanc">Seelische Gesundheit Afrika e.V.</a><br />Es musizieren Mitglieder der camerata academica freiburg.&nbsp;</p>', '<p><strong>Benefizkonzert</strong></p>\r\n<p>Das Kammerkonzert wird dieses Jahr zugunsten&nbsp;<a href="http://www.psych.uni-goettingen.de/home/barke/sga/" target="_blanc">Seelische Gesundheit Afrika e.V.</a> veranstaltet.</p>\r\n<p><strong>Programm</strong></p>\r\n<p><strong><span style="font-weight: normal;">Streichquartett, op. 13 a-Moll von&nbsp;Felix Mendelssohn-Bartholdy<br />&bdquo;Quartett-Satz&ldquo; D703 in c-Moll von&nbsp;Franz Schubert<br />Oboenquintett von&nbsp;Arnold Bax&nbsp;</span></strong></p>', 'Götz Rößner (Oboe), Martina Wündrich (Violine), Florian Altvater (Violine), Ludwig Zeller (Viola), Katharina Puff (Cello)', '', '', '', '', '', '', '', '', '', '', '', '', '', '', '', '', '', '', '', '', '', '', '', '', '', '', '', '', '', '', '', '', '', '', '', '', '', '', '', '', '', '', '', '', '', '', '', '', '', '', '', '', '', '', '', 40, 2, 1260561449, 1260618878, 'admin', 'admin', NULL, 0),
(60, 0, 1, 0, 'Sonntag, den 6. Juli 2008 • 20 Uhr ', 'Die Schöpfung', 'von Joseph Haydn', 'St. Bonifatius Kirche, Emmendingen', '<p>Das Konzert wurde in gleicher Besetzung am 5. Juli 2008 um 20:30 Uhr in der&nbsp;Maria-Hilf-Kirche in&nbsp;Freiburg aufgef&uuml;hrt.</p>', '<p><strong>Konzertkritik</strong></p>\r\n<p><em>aus der Badischen Zeitung vom 8. Juli 2008 von Hildegard Karig</em></p>\r\n<h1>Wunderbarer Klangrausch</h1>\r\n<p><strong>Freiburger Kantatenchor mit Haydns "Sch&ouml;pfung" in der Emmendinger Stadtpfarrkirche</strong></p>\r\n<p>EMMENDINGEN: Stehende Ovationen und zahlreiche Bravorufe f&uuml;r den Freiburger Kantatenchor: Mit sehr gro&szlig;er Begeisterung wurde einer glanzvollen und klangm&auml;chtigen Auff&uuml;hrung des Oratoriums "Die Sch&ouml;pfung" von Joseph Haydn Beifall gezollt, die am Sonntagabend in der katholischen Stadtpfarrkirche St. Bonifatius stattfand. Enthusiastischer Applaus f&uuml;r eine Wiedergabe, die dem Klangrausch, den das Werk dem Interpreten offeriert, gerne zelebrierte und in den Vordergrund stellte.</p>\r\n<p>Wolfgang Failer, Gr&uuml;nder und langj&auml;hriger Leiter des Freiburger Kantatenchores, bewegte sich mit seiner Interpretation in der Tradition der &ouml;ffentlichen Urauff&uuml;hrung, bei der auf Wunsch von Joseph Haydn 120 Instrumentalisten und 60 S&auml;nger mitwirkten. Es seien beim Vergleich zur Emmendinger Aufff&uuml;hrung aber nicht die Zahlen verglichen, sondern die Konzeption, der immensen Farbigkeit und Klangf&uuml;lle der "Sch&ouml;pfung" nahe zu kommen, die der Komponist beim Erschaffen des Werkes und seinen ersten Auff&uuml;hrungen angestrebt haben mag.</p>\r\n<p>Dieses Ziel ist optimal gelungen! Die Umsetzung dieser Konzeption konnte nur dank eines starken Chores und Orchesters in die Tat umgesetzt werden. Die Mitwirkenden zeigten sich jederzeit in der Lage, diese Klangf&uuml;lle, diese Steigerungen, dieses Volumen mitzutragen.</p>\r\n<p>Der Freiburger Kantatenchor und die camerata academica Freiburg wussten mit viel Spiel- und Singbegeisterung, mit Konzentration und K&ouml;nnen die Intention des Dirigenten aufzunehmen und umzusetzen. Extreme Kontraste, durch den Verzicht von jeglichem Ritardando noch verst&auml;rkt, zwischen wuchtigem Fortissimo und leisen Passagen (bei der Erschaffung der Tierwelt) wurden m&ouml;glich durch das optimale Mitgehen von Chor und Orchester, beides Laienensembles und umso bewunderungsw&uuml;rdiger.</p>\r\n<p>Dem Agieren der Choristen war die kompetente und kontinuierliche Chorleitung &uuml;ber Jahrzehnte anzumerken. Das weit ausholende, aufw&auml;rts gerichtete Dirigat Failers schien die gewaltigen Kl&auml;nge geradezu hervorzuheben. Mit minimalen Handbewegungen formte er Chor- und Orchesterklang und integrierte die Solisten, die seine Auffassung optimal &uuml;bernahmen. Die Stimme der Sopranistin Katharina Persicke war bis auf wenige Passagen Chor und Orchester gegen&uuml;ber ausreichend stark und wundersch&ouml;n differenzierend. Ihr Kokettieren mit der im dritten Teil formulierten Rolle der Frau nahm dem Text alle Schwere und griff das Leichte, T&auml;nzerische auf, mit dem Failer das paradiesische Miteinander von Adam und Eva unterlegte. Clemens Morgenthaler (Bass) war ein ebenb&uuml;rtiger Partner, der vor allem durch seine Tonsch&ouml;nheit beeindruckte. Der Tenor Min Woo Lim changierte mit seiner Stimme von einer metallenen F&auml;rbung (bei der Schilderung der Erschaffung des Lichtes) zu einem warmen Timbre f&uuml;r die Beschreibung der paradiesischen Harmonie. Fast zu sch&ouml;n erklang das beschwingte Duett von Adam und Eva mit Chor.</p>\r\n<p>Mit dieser Wiedergabe wurde "Die Sch&ouml;pfung" , deren Handlungsablauf jeder kennt, als gro&szlig;artiges Wunder und den Jubel dar&uuml;ber dargestellt. In sch&ouml;nster und gerade zu naiv beschreibender Form wurde sie in T&ouml;ne gebracht. Genau da setzt diese Auff&uuml;hrung ein Fragezeichen, was durchaus auch der halligen Akustik geschuldet sein kann: Vielleicht w&auml;re stellenweise etwas mehr klangliche Transparenz anstelle von Klangvolumen, vielleicht eine etwas hintergr&uuml;ndigere Auffassung dem Werk angemessener gewesen.</p>', 'Katharina Persicke (Sopran), Min Woo Lim (Tenor), Clemens Morgenthaler (Bass)\r\nFreiburger Kantatenchor\r\ncamerata academica freiburg\r\nWolfgang Failer, Leitung', '', '', '', '', '', '', '', '', '', '', '', '', '', '', '', '', '', '', '', '', '', '', '', '', '', '', '', '', '', '', '', '', '', '', '', '', '', '', '', '', '', '', '', '', '', '', '', '', '', '', '', '', '', '', '', 41, 2, 1260619396, 1260620419, 'admin', 'admin', NULL, 0),
(58, 0, 1, 0, 'Sonntag, den 14. Dezember 2009 • 18 Uhr', 'Adventskonzert 2008', 'mit Werken von J. S. Bach und Händel', 'Universitätsklinikum Freiburg - Kath. Kirche', '<p>Mit&nbsp;<a href="redaxo://34" title="Katharina Persicke">Katharina Persicke</a>&nbsp;(Sopran), Martina W&uuml;ndrich (Violine), G&ouml;tz R&ouml;&szlig;ner (Oboe) und Julia Wambach (Oboe).</p>', '<p>Wir m&ouml;chten auch dieses Jahr eine sch&ouml;ne Tradition fortsetzen und in der Adventszeit in der Heilig Geist Kirche im Universit&auml;tsklinikum Freiburg ein Weihnachtskonzert spielen. Das Konzert wird live &uuml;ber Video in die Krankenzimmer des Klinikums &uuml;bertragen.&nbsp;</p>\r\n<div>\r\n<p>Auf dem Programm stehen Arien f&uuml;r Sopran aus der h-moll Messe und dem Magnifikat von J. S. Bach und dem Messias von H&auml;ndel sowie die 1. Orchestersuite von J. S. Bach.&nbsp;</p>\r\n<p>Es musizieren u.a.&nbsp;<a href="katharina+persicke" title="Katharina Persicke">Katharina Persicke</a>&nbsp;(Sopran), Martina W&uuml;ndrich (Violine), G&ouml;tz R&ouml;&szlig;ner (Oboe) und Julia Wambach (Oboe)</p>\r\n<p><strong>Hinweis:</strong><br />Die Heilig Geist Kirche befindet sich im Universit&auml;tsklinikum Freiburg in der Hugstetter Stra&szlig;e 55 (zwischen Chirurgie und Innerer Medizin).</p>\r\n</div>', 'camerata academica freiburg\r\nGunnar Persicke (Einstudierung)', '', '', '', '', '', '', '', '', '', '', '', '', '', '', '', '', '', '', '', '', '', '', '', '', '', '', '', '', '', '', '', '', '', '', '', '', '', '', '', '', '', '', '', '', '', '', '', '', '', '', '', '', '', '', '', 39, 2, 1260559074, 1260619640, 'admin', 'admin', NULL, 0),
(62, 0, 1, 0, 'Sonntag, den 16. Dezember • 16 Uhr', 'Adventskonzert 2007', 'mit Werken von J. S. Bach', 'Universitätsklinikum Freiburg - Kath. Kirche', '<p>Das Konzert wurde in gleicher Besetzung am 15. Dezember 2007 um 19 Uhr in der Kirche&nbsp;Sankt Peter und Paul&nbsp;in Bad Peterstal aufgef&uuml;hrt.</p>', '<p>Die camerata academica freiburg spielt zur Adventszeit in der Heilig Geist Kirche im Universit&auml;tsklinikum Freiburg. Das Konzert wird live &uuml;ber Video in die Krankenzimmer des Klinikums &uuml;bertragen.&nbsp;</p>\r\n<div>\r\n<p>Auf dem Programm stehen&nbsp;das Violinenkonzert in a-moll sowie&nbsp;das Doppelkonzert in d-moll f&uuml;r Oboe und Violine von J. S. Bach.</p>\r\n<p><strong>Hinweis:</strong><br />Die Heilig Geist Kirche befindet sich im Universit&auml;tsklinikum Freiburg in der Hugstetter Stra&szlig;e 55 (zwischen Chirurgie und Innerer Medizin).</p>\r\n</div>', 'Martina Wündrich (Violine), Götz Rößner (Oboe)\r\ncamerata academica freiburg\r\nManuel Nawri (Einstudierung)', '', '', '', '', '', '', '', '', '', '', '', '', '', '', '', '', '', '', '', '', '', '', '', '', '', '', '', '', '', '', '', '', '', '', '', '', '', '', '', '', '', '', '', '', '', '', '', '', '', '', '', '', '', '', '', 43, 2, 1260623487, 1260624255, 'admin', 'admin', NULL, 0),
(63, 0, 1, 0, 'Sonntag, den 16. September 2007 • 18 Uhr', 'Kammerkonzert 2007', 'mit Werken von Wolfgang Amadeus Mozart', '"Haus zur lieben Hand", Freiburg', '<p>Benefizkonzert zugunsten&nbsp;<a href="http://www.psych.uni-goettingen.de/home/barke/sga/" target="_blanc">Seelische Gesundheit Afrika e.V.</a><br />Es musizieren Mitglieder der camerata academica freiburg.&nbsp;</p>', '<p>Benefizkonzert zugunsten&nbsp;<a href="http://www.psych.uni-goettingen.de/home/barke/sga/" target="_blanc">Seelische Gesundheit Afrika e.V.<br /></a>Es musizieren Mitglieder der camerata academica freiburg.&nbsp;</p>\r\n<p><strong>Programm</strong></p>\r\n<p>Streichquartett KV 387 und Oboenquartett KV 370 von Wolfgang Amadeus Mozart</p>', 'Götz Rößner (Oboe), Martina Wündrich (Violine), Caroline von Kries (Violine), Ludwig Zeller (Viola), Katharina Puff (Cello)', '', '', '', '', '', '', '', '', '', '', '', '', '', '', '', '', '', '', '', '', '', '', '', '', '', '', '', '', '', '', '', '', '', '', '', '', '', '', '', '', '', '', '', '', '', '', '', '', '', '', '', '', '', '', '', 44, 2, 1260624536, 1315774896, 'admin', 'claus', NULL, 0),
(64, 0, 1, 0, 'Samstag, den 21. April 2007 • 20 Uhr', 'Sinfoniekonzert 2007', 'mit Werken von Johannes Brahms und Franz Schubert', 'Konzerthaus Freiburg', '<p>Benefizkonzert zugunsten des <a href="http://www.helfen-hilft.de/" target="_blanc">F&ouml;rdervereins krebskranker Kinder e.V.</a> Freiburg.</p>\r\n<p>Im April 2007 brachte die camerata academica freiburg nach einer einw&ouml;chigen Probenphase in S&uuml;dfrankreich Werke von Johannes Brahms und Franz Schubert im Konzerthaus Freiburg zur Auff&uuml;hrung.</p>\r\n<p>Das Konzert wurde ohne das "Schicksalslied" am&nbsp;15. M&auml;rz 2007 um&nbsp;20 Uhr im Kurhaus Bad Krozingen und am 20. April 2007 um 20 Uhr in der Mehrzweckhalle &Ouml;tlingen aufgef&uuml;hrt.</p>', '<div>\r\n<p>Benefizkonzert zugunsten des&nbsp;<a href="http://www.helfen-hilft.de/" target="_blanc">F&ouml;rdervereins krebskranker Kinder e.V.</a>Freiburg.</p>\r\n<p>Im April 2007 brachte die camerata academica freiburg nach einer einw&ouml;chigen Probenphase in S&uuml;dfrankreich Werke von Johannes Brahms und Franz Schubert im Konzerthaus Freiburg zur Auff&uuml;hrung.</p>\r\n</div>\r\n<p>Das Konzert wurde ohne das "Schicksalslied" am&nbsp;15. M&auml;rz 2007 um&nbsp;20 Uhr im Kurhaus Bad Krozingen und am 20. April 2007 um 20 Uhr in der Mehrzweckhalle &Ouml;tlingen aufgef&uuml;hrt.</p>\r\n<p>&nbsp;</p>\r\n<p><strong>Programm</strong></p>\r\n<p>8. Sinfonie, h-moll &bdquo;Unvollendete&ldquo; von Franz Schubert&nbsp;</p>\r\n<p>"Schicksalslied" op. 54 von Johannes Brahms</p>\r\n<p>1. Sinfonie, c-moll von Johannes Brahms</p>\r\n<p>&nbsp;</p>\r\n<p><strong>CD-Aufnahme</strong></p>\r\n<p>Das Konzert im Konzerthaus Freiburg wurde live aufgenommen und ist als CD erh&auml;ltlich (siehe Men&uuml;punkt <a href="redaxo://5" title="audio">Audio</a>).&nbsp;</p>\r\n<p>&nbsp;</p>\r\n<p><strong>Konzertkritik &Ouml;tlingen</strong></p>\r\n<p><strong><span style="font-weight: normal;"><em>aus der Badischen Zeitung vom 24. April 2007 von&nbsp;Grischa M. Freimann</em></span></strong></p>\r\n<h1><strong><span style="font-weight: normal;"><strong>&Uuml;berzeugend im Schwergewicht</strong></span></strong></h1>\r\n<p><strong><strong>Camerata Academica aus Freiburg gastierte in &Ouml;tlingen</strong></strong></p>\r\n<p><strong><strong><span style="font-weight: normal;">Mit der unvollendeten 7. Symphonie h-moll von Franz Schubert und der ersten Symphonie c-Moll von Johannes Brahms standen zwei h&auml;ufig gespielte musikalische Schwergewichte auf dem <span>Programm des Konzertes, das die Camerata Academica Freiburg unter der Leitung ihres Dirigenten </span>Manuel Nawri in der &Ouml;tlinger Mehrzweckhalle gab. Wie schon h&auml;ufiger unterst&uuml;tzten die Musiker mit den Einnahmen den F&ouml;rderverein krebskranker Kinder. Geradezu professionell spielt das Laienorchester Camerata Academica, ohne indes in die Gefahr zu geraten, dass die Interpretation dabei steril wird.</span></strong></strong></p>\r\n<p><strong><strong><span style="font-weight: normal;">Eine gro&szlig;e St&auml;rke ist die Ausgewogenheit der Instrumentengruppen, bei der sich alle Musiker, die auch als Solisten Beachtliches leisten, zu einem Klangk&ouml;rper vereinen. Im Gegensatz zu manch anderem Orchester dominiert keine Gruppe, gerade auch Holz- und Blechbl&auml;ser sind wunderbar ausgeglichen. Dabei wird jeweils den Instrumenten, die die F&uuml;hrung haben, dezent Raum gelassen. Auch dadurch k&ouml;nnen die Werke mit einem ungemein breiten dynamischen und gestalterischen <span>Spektrum interpretiert werden. Gekonnt werden gro&szlig;e Linien nachgezeichnet, Spannungen auf- und </span>abgebaut.</span></strong></strong></p>\r\n<p><strong><strong><span style="font-weight: normal;">Gerade im Kopfsatz der "Unvollendeten" wurden mit dezentem Tremolo ungemein gro&szlig;e Spannungen aufgebaut, mit gro&szlig;em Ausdruck wurden das liedhafte Thema wie auch die harten <span>Orchesterschl&auml;ge gestaltet, die die Idylle immer wieder fast schon &uuml;berfallartig unterbrechen und in </span>ihrer Heftigkeit den Zuh&ouml;rern unter die Haut gingen. Da wurde auch die Zerrissenheit Schuberts sp&uuml;rbar. Sehr ebenm&auml;&szlig;ig wurden beim Andante con moto die Solopassagen eingebettet, die sehr <span>kantablen Linien des Satzes wirkten fast erholsam nach dem dramatischen Eingangssatz, aber auch </span>dieser Satz ist nicht frei von intensiven dramatischen Ersch&uuml;tterungen. Gekonnt brachte das Orchester diese Facetten zum Klingen.</span></strong></strong></p>\r\n<p><strong><strong><span style="font-weight: normal;"><span>&Uuml;bersichtlich angelegt und gestaltet wurde dann die erste Symphonie von Johannes Brahms, die er </span>sp&auml;t komponierte. Mit gro&szlig;en Steigerungen wurde der Kopfsatz gestaltet, der vorw&auml;rts dr&auml;ngende <span>Charakter des Satzes sehr gut getroffen. Quasi als Kontrast wurde das Andante sostenuto angelegt, </span>sehr gef&auml;llig und sanft musiziert. Sehr h&uuml;bsche pizzicato-Passagen und reizvolle Kontraste durch die Verbindung von Legato und pizzicato kennzeichneten den dritten Satz, breit wurde der Trugschluss vor dem etwas &uuml;berraschenden Schluss des Satzes gestaltet. Deutlich wurden die verschiedenen Teile dieses sehr virtuosen Satzes voneinander abgesetzt, die Interpretation dieses stark an Beethoven erinnernden Werkes gelang &uuml;berzeugend. Gro&szlig;er Applaus in der Mehrzweckhalle.</span></strong></strong></p>\r\n<p><strong><strong><span style="font-weight: normal;"><br /></span></strong></strong></p>\r\n<p><strong>Konzertkritik Freiburg</strong></p>\r\n<p><em>aus der Badischen Zeitung vom 25. April 2007 von Gero Schreier</em></p>\r\n<h1>Sch&ouml;n, ohne aufzur&uuml;tteln</h1>\r\n<p><strong>Die Camerata Academica im Freiburger Konzerthaus</strong></p>\r\n<p><strong><span style="font-weight: normal; "><span style="font-size: small; ">Das Schicksal war eine Vorstellung, die das 19. Jahrhundert fasziniert haben&nbsp;muss. Von Beethovens ber&uuml;hmter "Schickalssinfonie" bis zu Tschaikowsky und&nbsp;Mahler, die sich von einem missg&uuml;nstigen Fatum verfolgt glaubten, l&auml;sst sich&nbsp;diese Linie ziehen. Nicht fehlen darf in der Aufz&auml;hlung nat&uuml;rlich Brahms''&nbsp;"Schicksalslied" nach H&ouml;lderlin, das die Camerata Academica Freiburg,&nbsp;gemeinsam mit dem Freiburger Kantatenchor unter Leitung von Manuel Nawri zu&nbsp;Geh&ouml;r brachte, dazu Schuberts "Unvollendete" und Brahms'' erste Sinfonie.&nbsp;Auch dies Werke, in die sich das "Schicksal" ihrer Urheber einschrieb: Beide&nbsp;rangen jahrelang mit ihren Sch&ouml;pfungen, die sich gegen das scheinbar&nbsp;un&uuml;berwindliche Vorbild Beethovens zu behaupten hatten.</span></span></strong></p>\r\n<p><strong><span style="font-weight: normal; "><span style="font-size: small; ">Umso markanter die Gegens&auml;tze zwischen den beiden Tonst&uuml;cken: feinsinnige&nbsp;motivische Entwicklungen bei Brahms gegen&uuml;ber Schuberts fl&auml;chigen,&nbsp;melodieenseligen Architekturen. Vor allem diese gelangen der Camerata&nbsp;Academica. Dankenswert die solide Leistung des Bl&auml;serapparats. Schade nur,&nbsp;dass viele von Schuberts typischen Schroffheiten bei insgesamt fl&uuml;ssigem&nbsp;Spiel und etwas fl&uuml;chtigen Tempi verloren gingen.</span></span></strong></p>\r\n<p><strong><span style="font-weight: normal; "><span style="font-size: small; ">Ein Manko, dass jedoch durch den sch&ouml;nen, ausgewogenen Klang und&nbsp;&uuml;berzeugende Koordination des Ensembles zum Teil wett gemacht wurde. So auch&nbsp;in den Brahms-Kompositionen. Im "Schicksalslied" malt Brahms die von&nbsp;H&ouml;lderlin geschilderte Sph&auml;re der "Himmlischen" mit gedeckten Kl&auml;ngen,&nbsp;Streicher und Bl&auml;ser bilden einen &auml;therischen Teppich, &uuml;ber den sich die&nbsp;Chorpartie erhebt. Diese gelang ausgewogen und dem Text angemessen&nbsp;(Einstudierung: Wolfgang Failer). Die Schicksalsverfallenheit des Menschen&nbsp;dann gestaltet Brahms mit allem, was ihm an Dramatik zu Gebote steht.</span></span></strong></p>\r\n<p><strong><span style="font-weight: normal; "><span style="font-size: small; ">Das "schicksalhafte" Ringen mit dem Giganten Beethoven schlie&szlig;lich war&nbsp;Brahms'' erster Sinfonie im ausgesprochen trotzig-gr&uuml;blerischen Charakter&nbsp;anzuh&ouml;ren, der sich durch alle S&auml;tze zieht. Erfreulich, dass die Camerata&nbsp;Academica stets die musikalische Kontinuit&auml;t bewahrte, sowohl in gro&szlig;artigen&nbsp;Aufgipfelungen wie kontrapunktisch-rhythmischen Finessen gewohnt solide&nbsp;blieb, wenn auch ohne wirklich aufzur&uuml;tteln. Durfte man sich beim&nbsp;"Schicksalslied" noch mit Brahms fragen, ob das "gute Ende" die "Hauptsache"&nbsp;oder doch eher ein "misslungenes Experiment" ist, so war hier bis in die&nbsp;letzten l&auml;rmenden Takte hinein ein schmerzlich-gequ&auml;ltes Element bemerkbar:&nbsp;Ein Schicksal, das sich nicht absch&uuml;tteln l&auml;sst.</span></span></strong></p>\r\n<p>&nbsp;</p>', 'Freiburger Kantatenchor\r\ncamerata academica freiburg\r\nManuel Nawri (Leitung)', '', '', '', '', '', '', '', '', '', '', '', '', '', '', '', '', '', '', '', '', '', '', '', '', '', '', '', '', '', '', '', '', '', '', '', '', '', '', '', '', '', '', '', '', '', '', '', '', '', '', '', '', '', '', '', 46, 2, 1260625233, 1263212505, 'admin', 'admin', NULL, 0),
(146, 0, 1, 0, '<p class="marginalie"><img height="200" ismap="ismap" src="files/cd_1.jpg" width="200" /></p>\r\n<p><span style="font-weight: normal;">SAMSTAG, DEN 27. M&auml;rz 2010 &bull; KONZERTMITSCHNITT</span></p>\r\n<h1>Sinfoniekonzert 2010</h1>\r\n<p><span style="font-weight: normal; font-size: 12px;"><em>1. Klavierkonzert von Johannes Brahms<br />d-Moll, op.15<br />4. Sinfonie von Robert Schumann</em></span><br />d-Moll, op.120<br /><br /><em>camerata academica freiburg<br />Manuel Nawri (Leitung)</em></p>\r\n<p><strong>Theodor-Egel-Saal | Freiburg </strong></p>\r\n<p><strong><br /></strong></p>\r\n<p class="ornament">&nbsp;</p>', '', '', '', '', '', '', '', '', '', '', '', '', '', '', '', '', '', '', '', '', '', '', '', '', '', '', '', '', '', '', '', '', '', '', '', '', '', '', '', '', '', '', '', '', '', '', '', '', '', '', '', '', '', '', '', '', '', '', '', '', '', 5, 1, 1286349843, 1286349843, 'Katharina', 'Katharina', 0, 0),
(124, 0, 1, 123, '<div class="rex-content-editmode-slice-output">\r\n<div class="rex-content-editmode-slice-output-2">\r\n<div class="item-text clearfix">\r\n<h1 class="marginalie"><a href="redaxo://27" title="Auvergene 2010"><img height="158" ismap="ismap" src="files/22667_1332606922766_1458823036_30917284_8270259_n.jpg" width="237" /></a></h1>\r\n<h1><strong>Chorkonzert zum &Uuml;ben<br /></strong></h1>\r\n<p>Mendelssohn<br /><a href="files/01_spur_1_1.mp3" title="Ave Maria">"Ave Maria"</a><br /> <a href="files/01_sinfoniekonzert_2009.m4a" target="Audio"></a><a href="files/02_sinfoniekonzert_2009.m4a" target="Audio"><br /></a></p>\r\n<p><a href="http://www.youtube.com/watch?v=7WpPBym_n2Y&amp;feature=related">G. Faur&eacute;</a></p>\r\n<p><br />Mendelssohn "Wie der Hirsch schreit"</p>\r\n<p><a href="files/02_spur_2.mp3">1</a> / <a href="files/03_spur_3.mp3">2</a> / <a href="files/04_spur_4.mp3">3</a> / <a href="files/05_spur_5.mp3">4</a> / <a href="files/06_spur_6.mp3">5</a> / <a href="files/07_spur_7.mp3">6</a> / <a href="files/08_spur_8.mp3">7</a></p>\r\n<p>Poulenc "Gloria" <br /> <a href="files/09_spur_9.mp3">1</a> / <a href="files/10_spur_10.mp3">2</a> / <a href="files/11_spur_11.mp3">3</a> / <a href="files/12_spur_12.mp3">4</a> / <a href="files/13_spur_13.mp3">5</a> /<a href="files/14_spur_14.mp3"> 6</a></p>\r\n</div>\r\n</div>\r\n</div>\r\n<p>&nbsp;</p>', '', '', '', '', '', '', '', '', '', '', '', '', '', '', '', '', '', '', '', '', '', '', '', '', '', '', '', '', '', '', '', '', '', '', '', '', '', '', '', '', '', '', '', '', '', '', '', '', '', '', '', '', '', '', '', '', '', '', '', '', '', 26, 1, 1275344109, 1275344109, 'Katharina', 'Katharina', 0, 0),
(69, 0, 1, 0, 'SAMSTAG, 27. MÄRZ 2010 • 20.00 UHR', 'Sinfoniekonzert 2010', 'mit Werken von Brahms und Schumann', 'Theodor-Egel-Saal in Freiburg-Ebnet', '<p>Im M&auml;rz 2010 wird die camerata academica freiburg nach einer einw&ouml;chigen Probenphase in einem Landhaus in der Auvergne Werke von Brahms und Schumann in Freiburg zur Auff&uuml;hrung bringen.</p>', '<p>Im M&auml;rz 2010 wird die camerata academica freiburg nach einer einw&ouml;chigen Probenphase in einem Landhaus in der Auvergne Werke von Brahms und Schumann in Freiburg zur Auff&uuml;hrung bringen.</p>\r\n<p>Das Konzert und die Probenphase werden von Manuel Nawri geleitet. Als Solist spielt&nbsp;<a href="michael_poliatskin" title="Michael Poliatskin">Michael Poliatskin</a>&nbsp;(Klavier).</p>\r\n<p><strong>Programm</strong></p>\r\n<p>1. Klavierkonzert von Johannes Brahms</p>\r\n<p>4. Sinfonie von Robert Schumann</p>', 'Michael Poliatskin, Klavier\r\ncamerata academica freiburg\r\nManuel Nawri, Leitung', '', '', '', '', '', '', '', '', '', '', '', '', '', '', '', '', '', '', '', '', '', '', '', '', '', '', '', '', '', '', '', '', '', '', '', '', '', '', '', '', '', '', '', '', '', '', '', '', '', '', '', '', '', '', '', 49, 2, 1263211340, 1268945241, 'admin', 'admin', NULL, 0),
(71, 0, 1, 0, '<h1 class="marginalie">Werden auch Sie Sponsor</h1>\r\n<p>Seit 2003 veranstaltet die camerata academica freiburg e.V. regelm&auml;&szlig;ig Benefizkonzerte zugunsten krebs- und chronisch kranker Kinder und anderer sozialer Initiativen.&nbsp;Durch das langj&auml;hrige soziale Engagement ist das Orchester als gemeinn&uuml;tziger Verein anerkannt.</p>\r\n<p>Da sich die camerata academica freiburg vollst&auml;ndig selbst tr&auml;gt und als regelm&auml;&szlig;ige Einnahmequelle nur die Konzerterl&ouml;se zur Verf&uuml;gung stehen, ist das Orchester auf die Unterst&uuml;tzung musikbegeisterter Privatpersonen und Unternehmen angewiesen.&nbsp;</p>\r\n<p>Aus diesem Grund w&uuml;rden wir Sie gerne als F&ouml;rderer unseres Orchesters gewinnen. Die M&ouml;glichkeiten reichen dabei von einer einmaligen Unterst&uuml;tzung mit entsprechend prominenter Erw&auml;hnung auf Konzertplakat, Flyern und Programmheft bis hin zu gemeinsam geplanten Konzert- und CD-Projekten.</p>\r\n<p>Helfen Sie uns, anderen zu helfen und gleichzeitig Musik-Projekte auf hohem k&uuml;nsterischen Niveau zu realisieren.</p>', '', '', '', '', '', '', '', '', '', '', '', '', '', '', '', '', '', '', '', '', '', '', '', '', '', '', '', '', '', '', '', '', '', '', '', '', '', '', '', '', '', '', '', '', '', '', '', '', '', '', '', '', '', '', '', '', '', '', '', '', '', 30, 1, 1264608343, 1349299931, 'admin', 'georg', 0, 1),
(75, 0, 1, 0, '<p class="marginalie"><strong>&bdquo;Ein Abend, der nicht zuletzt zeigt, wie lebendig und jung Klassik jenseits des &uuml;blichen Reproduktionsbetriebs sein kann &ndash; oder einfacher gesagt: <br />Das war erfrischend!&ldquo;</strong><br /><strong><br /><br /><br /><br /><br /><br /><br /><br /><br /><br /><br /><br /><br /><br /><br /><br /><br /><br /><br /><br /><br /><br /><br /><br /><br /><br /><br /><br /><br /><br /><br /><br /><br /><br /><br /><br /><br /></strong></p>\r\n<p style="text-align: justify;">Die <em>camerata academica freiburg e.V. </em><span>&nbsp;</span>ist ein Kammerorchester, das regelm&auml;&szlig;ig zum Symphonieorchester erweitert wird. Das aus Amateur- und Profimusikern bestehende Ensemble wurde 1997 als Projektorchester gegr&uuml;ndet. Unter seinem Chefdirigenten Manuel Nawri, Professor an der Musikhochschule &bdquo;Hanns Eisler&ldquo; in Berlin, erarbeitet das Orchester ambitionierte Konzertprogramme, die in Freiburg und Umgebung aufgef&uuml;hrt werden. Konzertreisen f&uuml;hrten das Orchester bisher nach &Ouml;sterreich, Italien, Polen, Thailand, Australien, Neuseeland und in die USA. <br /><br />Das Konzertjahr des Klangk&ouml;rpers umfasst traditionell ein symphonisches Programm f&uuml;r gro&szlig;es Orchester im Fr&uuml;hjahr mit einer Probenphase in Frankreich, ein Programm mit dem befreundeten Freiburger Kantatenchor, ein Matinee-Konzert mit Kammermusik im Herbst sowie ein Weihnachtskonzert in kleinerer Besetzung in der Adventszeit. In den letzten Jahren wurden neben Schwergewichten des Repertoires wie <em>Elias</em> (Mendelssohn), <em>Sch&ouml;pfung</em> (Haydn), 1. Symphonie und 1. Klavierkonzert von Johannes Brahms, 3. und 7. Symphonie von Ludwig van Beethoven und der <em>Unvollendeten</em> von Franz Schubert auch weniger gespielte Werke des 20. Jahrhunderts zur Auff&uuml;hrung gebracht: Dimitri Schostakowitschs Konzert f&uuml;r Trompete, Klavier und Orchester op. 35 und Francis Poulencs <em>Gloria</em>. Die <em><span>MisaTango - Misa &aacute; Buenos Aires</span></em><span> von Mar&iacute;n Palmeri wurde 2004 durch die <em>camerata academica freiburg</em> uraufgef&uuml;hrt. </span></p>\r\n<p style="text-align: justify;"><span>Neben dem hohen k&uuml;nstlerischen Anspruch zeichnet sich das Orchester auch durch soziales Engagement aus. </span>Seit 2003 finden regelm&auml;&szlig;ig Benefizkonzerte zugunsten krebskranker Kinder statt. Insgesamt konnte bisher eine Summe von &uuml;ber 30.000 &euro;&nbsp;an F&ouml;rdervereine gespendet werden. Die Einnahmen der im Sommer 2005 durchgef&uuml;hrten Konzertreise unter der Schirmherrschaft von Dr. Heiner Gei&szlig;ler nach Thailand, Australien, Neuseeland und die USA kamen krebskranken Kindern und Opfern der Tsunami-Katastrophe zugute. <br /><br />Die musikalische Qualit&auml;t des Ensembles wird auch von der Presse herausgestellt. &Uuml;ber ein Konzert mit Beethovens <em>Eroica</em> schreibt Alexander Dick in der <em>Badischen Zeitung</em>: <span>&bdquo;</span>Dirigent Manuel Nawri entlockt seinen Musikern ein hohes Ma&szlig; an Gestaltungswillen, und das zeitigt zum Teil verbl&uuml;ffende Ergebnisse. Die beiden Ecks&auml;tze erklingen expressiv, dynamisch sorgf&auml;ltig ausgearbeitet, vor allem mit Beethoven&rsquo;scher Leidenschaft.&ldquo; Und zieht ein Fazit, das auch als Selbstverst&auml;ndnis des Orchesters gesehen werden kann: &bdquo;Ein Abend, der nicht zuletzt zeigt, wie lebendig und jung Klassik jenseits des &uuml;blichen Reproduktionsbetriebs sein kann &ndash; oder einfacher gesagt: Das war erfrischend!&ldquo;</p>\r\n<p style="text-align: justify;">&nbsp;</p>\r\n<p>&nbsp;</p>', '', '', '', '', '', '', '', '', '', '', '', '', '', '', '', '', '', '', '', '', '', '', '', '', '', '', '', '', '', '', '', '', '', '', '', '', '', '', '', '', '', '', '', '', '', '', '', '', '', '', '', '', '', '', '', '', '', '', '', '', '', 14, 1, 1264776693, 1285784252, 'admin', 'Katharina', 0, 1),
(76, 0, 1, 0, 'Katharina Persicke', '<p>&bdquo;Wieviel Kraft diese Musik spenden kann, l&auml;sst Katharina Persicke die Zuh&ouml;rer in &sbquo;Ihr habt nun Traurigkeit&rsquo; sp&uuml;ren. Die Freiburger Sopranistin reichert die vielen langen T&ouml;ne wie beim heiklen Einstieg mit Farben an und l&auml;sst den melodischen Flu&szlig; immer weiter str&ouml;men. So viel Trost war nie!&ldquo; schreibt die Presse &uuml;ber die junge Sopranistin.</p>', '<p class="marginalie"><img height="270" ismap="ismap" src="files/kathi_1.jpg" width="180" /></p>\r\n<p><a href="http://www.katharinapersicke.de">www.katharinapersicke.de</a></p>\r\n<p>&nbsp;</p>\r\n<p>&nbsp;</p>\r\n<p>&nbsp;</p>\r\n<p>&nbsp;</p>\r\n<p>&nbsp;</p>\r\n<p>&nbsp;</p>\r\n<p>&nbsp;</p>\r\n<p>&nbsp;</p>\r\n<p>&nbsp;</p>\r\n<p>&nbsp;</p>\r\n<p>&nbsp;</p>\r\n<p><br /></p>', '', '', '', '', '', '', '', '', '', '', '', '', '', '', '', '', '', '', '', '', '', '', '', '', '', '', '', '', '', '', '', '', '', '', '', '', '', '', '', '', '', '', '', '', '', '', '', '', '', '', '', '', '', '', '', '', '', '', '', 34, 7, 1264776890, 1354983680, 'admin', 'Katharina', 0, 1),
(439, 0, 1, 0, 'Tango 2014 (28.3. & 09.05.2014)', '<h2><strong>Tango 28.03.2014<br />Benefizkonzert f&uuml;r "Freiburg miteinander"<br />Astor Piazzolla&nbsp;</strong></h2>\r\n<h3>Proben</h3>\r\n<ul>\r\n<li>Samstag, 08.03.2014 I 15-18 Uhr (Flugplatz, HS 082)</li>\r\n<li>Sonntag, 09.03.2014 I 10-13 und 15-18 Uhr&nbsp;(Flugplatz, HS 082)</li>\r\n<li>Freitag, 21.03.2014 I 19-22 Uhr&nbsp;(Flugplatz, HS 082)</li>\r\n<li>Samstag, 22.03.2014 I 15-18 Uhr&nbsp;(Flugplatz, HS 082)</li>\r\n<li>Freitag, 28.03.2014 I 18-19 Uhr Anspielprobe (Historisches Kaufhaus Freiburg, M&uuml;nsterplatz)<br /><strong>Freitag, 28.03.2014 I 20.15 Uhr Konzert Historisches Kaufhaus Freiburg</strong></li>\r\n<li>Samstag, 03.05.2014 I 10-13 und 15-18 Uhr&nbsp;(Flugplatz, HS 082)</li>\r\n<li>Donnerstag, 08.05.2014 I 19-21 Uhr Generalprobe im Schlossbergsaal / SWR-Studio Freiburg<br /><strong>Freitag, 09.05.2014 I 20 Uhr Konzert im Schlossbergsaal/SWR-Studio Freiburg &nbsp;</strong></li>\r\n<li> Die Proben finden teilweise wieder im gro&szlig;en H&ouml;rsaal am Flugplatz Geb&auml;ude 082 statt.</li>\r\n<li><a href="http://www.uni-freiburg.de/universitaet/kontakt-und-wegweiser/lageplaene/technischefakultaet">http://www.uni-freiburg.de/universitaet/kontakt-und-wegweiser/lageplaene/technischefakultaet</a></li>\r\n</ul>\r\n<h2></h2>', '', '', '', '', '', '', '', '', '', '', '', '', '', '', '', '', '', '', '', '', '', '', '', '', '', '', '', '', '', '', '', '', '', '', '', '', '', '', '', '', '', '', '', '', '', '', '', '', '', '', '', '', '', '', '', '', '', '', '', '', 71, 11, 1393782626, 1393782626, 'claus', 'claus', 0, 0),
(407, 0, 1, 0, 'Tango 2014 (28.3. & 09.05.2014)', '<h2><strong>Tango 28.03.2014<br />Benefizkonzert f&uuml;r "Freiburg miteinander"<br />Astor Piazzolla&nbsp;</strong></h2>\r\n<h3>Proben</h3>\r\n<ul>\r\n<li>Samstag, 08.03.2014 I 15-18 Uhr (Flugplatz, HS 082)</li>\r\n<li>Sonntag, 09.03.2014 I 10-13 und 15-18 Uhr&nbsp;(Flugplatz, HS 082)</li>\r\n<li>Freitag, 21.03.2014 I 19-22 Uhr&nbsp;(Flugplatz, HS 082)</li>\r\n<li>Samstag, 22.03.2014 I 15-18 Uhr&nbsp;(Flugplatz, HS 082)</li>\r\n<li>Freitag, 28.03.2014 I 18-19 Uhr Anspielprobe (Historisches Kaufhaus Freiburg, M&uuml;nsterplatz)<br /><strong>Freitag, 28.03.2014 I 20.15 Uhr Konzert Historisches Kaufhaus Freiburg</strong></li>\r\n<li>Samstag, 03.05.2014 I 10-13 und 15-18 Uhr&nbsp;(Flugplatz, HS 082)</li>\r\n<li>Donnerstag, 08.05.2014 I 19-21 Uhr Generalprobe im Schlossbergsaal / SWR-Studio Freiburg<br /><strong>Freitag, 09.05.2014 I 20 Uhr Konzert im Schlossbergsaal/SWR-Studio Freiburg&nbsp; <br /></strong></li>\r\n<li>Sonntag 27.07.2014, 19 Uhr (Flugplatz, HS 082)<br /><strong>Montag 28.07.2014, ZMF-Gala<br /></strong></li>\r\n<li> Die Proben finden teilweise wieder im gro&szlig;en H&ouml;rsaal am Flugplatz Geb&auml;ude 082 statt.</li>\r\n<li><a href="http://www.uni-freiburg.de/universitaet/kontakt-und-wegweiser/lageplaene/technischefakultaet">http://www.uni-freiburg.de/universitaet/kontakt-und-wegweiser/lageplaene/technischefakultaet</a></li>\r\n</ul>\r\n<h2></h2>', '', '', '', '', '', '', '', '', '', '', '', '', '', '', '', '', '', '', '', '', '', '', '', '', '', '', '', '', '', '', '', '', '', '', '', '', '', '', '', '', '', '', '', '', '', '', '', '', '', '', '', '', '', '', '', '', '', '', '', '', 71, 11, 1355163140, 1395067228, 'Katharina', 'matthieu', 0, 1),
(232, 0, 1, 231, '', '', '', '', '', '', '', '', '', '', '', '', '', '', '', '', '', '', '', '', '', '', '', '', '', '', '', '', '', '', '', '', '', '', '', '', '', '', '', '', '', '', '', '', '', '', '', '', '', '', '', '', '', '', '', '', '', '', '', '', '', '', 1, 1, 1314104805, 1314104805, 'claus', 'claus', 0, 1),
(103, 0, 1, 0, '<h1 class="marginalie"><img height="223" ismap="ismap" src="files/cd_cover_weihnachtskonzert_2009_klein.jpeg" width="250" /></h1>\r\n<h1><strong>Weihnachtskonzert<br /><strong></strong></strong></h1>\r\n<p><strong><strong>Konzertmitschnitt vom 6. Dezember 2009</strong></strong></p>\r\n<p>Schwedisches Volkslied<br /><a href="files/01_weihnachtskonzert_2009.mp3" target="Audio">Pris vare Gud</a></p>\r\n<p><a href="files/01_weihnachtskonzert_2009.mp3" target="Audio"></a>Jean Sibelius (1865 &ndash; 1957)<br /><a href="files/02_weihnachtskonzert_2009.mp3" target="Audio">Suite Mignonne op. 98a - Petite Sc&eacute;ne: Allegretto<br /></a><a href="files/03_weihnachtskonzert_2009.mp3" target="Audio">Suite Mignonne op. 98a - Polka: Animosa<br /></a><a href="files/04_weihnachtskonzert_2009.mp3" target="Audio">Suite Mignonne op. 98a - Epilogue: Vivace</a></p>\r\n<p><a href="files/04_weihnachtskonzert_2009.mp3" target="Audio"></a>Wolfgang Amadeus Mozart (1756 - 1791)<br /><a href="files/05_weihnachtskonzert_2009.mp3" target="Audio">&bdquo;Ruhe sanft mein holdes Leben&ldquo; aus Zaide KV 344<br /></a><a href="files/06_weihnachtskonzert_2009.mp3" target="Audio">&bdquo;Nehmt meinen Dank&ldquo; KV 383<br /></a><a href="files/07_weihnachtskonzert_2009.mp3" target="Audio">&bdquo;Laudate dominum&rdquo; aus Vesperae solennes de Confessore KV 339</a></p>\r\n<p>Tomaso Albinoni (1671 &ndash; 1751)<br /><a href="files/08_weihnachtskonzert_2009.mp3" target="Konzert">Konzert f&uuml;r 2 Oboen und Streichorchester op. 7 Nr. 11 - 1. Allegro<br /></a><a href="files/09_weihnachtskonzert_2009.mp3" target="Audio">Konzert f&uuml;r 2 Oboen und Streichorchester op. 7 Nr. 11 - 2. Adagio<br /></a><a href="files/10_weihnachtskonzert_2009.mp3" target="Audio">Konzert f&uuml;r 2 Oboen und Streichorchester op. 7 Nr. 11 - 3. Allegro</a></p>\r\n<p><a href="files/10_weihnachtskonzert_2009.mp3" target="Audio"></a>Max Reger (1873 &ndash; 1916)<br /><a href="files/11_weihnachtskonzert_2009.mp3" target="Audio">Mari&auml; Wiegenlied As-Dur op. 76/52</a></p>\r\n<p>Johann Sebastian Bach (1685 &ndash; 1750)<br /><a href="files/12_weihnachtskonzert_2009.mp3" target="Audio">Brandenburgisches Konzert Nr. 3 G-Dur - 1. Satz<br /></a><a href="files/13_weihnachtskonzert_2009.mp3" target="Audio">Brandenburgisches Konzert Nr. 3 G-Dur - 2./3. Satz</a></p>\r\n<p>Spiritual<a href="files/14_weihnachtskonzert_2009.mp3" target="Audio"><br />Mary had a Baby</a></p>\r\n<p>Zugabe<a href="files/15_weihnachtskonzert_2009.mp3" target="Audio"><br />&bdquo;Nehmt meinen Dank&ldquo; KV 383</a></p>\r\n<p>&nbsp;</p>\r\n<p><em>Zum Abspielen im Browser bitte die St&uuml;cke mit der rechten Maustaste ausw&auml;hlen.</em></p>\r\n<p><em>Zum Download bitte das entsprechende St&uuml;ck mit der linken Maustaste ausw&auml;hlen und dann im Kontextmen&uuml; "speichern unter" ausf&uuml;hren. &nbsp;</em></p>\r\n<p class="ornament">&nbsp;</p>', '', '', '', '', '', '', '', '', '', '', '', '', '', '', '', '', '', '', '', '', '', '', '', '', '', '', '', '', '', '', '', '', '', '', '', '', '', '', '', '', '', '', '', '', '', '', '', '', '', '', '', '', '', '', '', '', '', '', '', '', '', 26, 1, 1274960715, 1274960715, 'Katharina', 'Katharina', 0, 1),
(80, 0, 1, 0, '05. Mai 2006', 'Bach & Tango\r\n', '', 'St. Martin - Freiburg \r\nKirche in Kirchhofen ', '<p>Benefizkonzert mit dem Faustchor in Staufen</p>\r\n<p>Leitung: Peter Koderisch</p>', '<p>Martin Palmeri "Misa Tango"<br />Johann Sebastian Bach - Doppelkonzert f&uuml;r 2 Violinen<br />Johann Sebastian Bach - "Vergn&uuml;gte Ruh, beliebte Seelenlust"</p>', 'Ruth Sandhoff, Mezzosopran\r\nMartina Wündrich, Violine\r\nFranziska Müller-Feser\r\n', '', '', '', '', '', '', '', '', '', '', '', '', '', '', '', '', '', '', '', '', '', '', '', '', '', '', '', '', '', '', '', '', '', '', '', '', '', '', '', '', '', '', '', '', '', '', '', '', '', '', '', '', '', '', '', 52, 2, 1264779269, 1264779494, 'admin', 'admin', NULL, 1),
(96, 0, 1, 0, 'Sonntag, 20. Juni - 19 Uhr ', 'Chorkonzert', 'mit Werken von Fauré, Mendelssohn und Poulenc', 'St. Martin, Freiburg', '<p>Im Juni 2010 wird die camerata academica freiburg mit dem Freiburger Kantetenchor Werke von Faur&eacute;, Mendelssohn und Poulenc in Freiburg und in Besancon (26.6.) zur Auff&uuml;hrung bringen.</p>', '<p>Im Juni 2010 wird die camerata academica freiburg mit dem Freiburger Kantetenchor Werke von Faur&eacute;, Mendelssohn und Poulenc in Freiburg und in Besancon (26.6.) zur Auff&uuml;hrung bringen.</p>\r\n<p>Als Solisten sind <a href="http://www.katharinapersicke.de" target="_blank">Katharina Persicke</a> und <a href="http://www.con-gusto.com/" target="_blank">Phillip Nicklaus</a> zur h&ouml;ren sein.&nbsp;<a href="michael_poliatskin" title="Michael Poliatskin"></a></p>\r\n<p><strong>Programm</strong></p>\r\n<p>G. Faur&eacute; "Cantique de Jean Racine"<br />F. Mendelssohn-Bartholdy&nbsp; "Ave Maria" und "Wie der Hirsch schreit"<br />F. Poulenc " Gloria"</p>', 'Kantatenchor Freiburg \r\nChoer Schütz, Besancon\r\ncamerata academica freiburg\r\nKatharina Persicke, Sopran\r\nPhillip Nicklaus, Tenor\r\nJean Mislan, Wolfgang Failer - Leitung', '', '', '', '', '', '', '', '', '', '', '', '', '', '', '', '', '', '', '', '', '', '', '', '', '', '', '', '', '', '', '', '', '', '', '', '', '', '', '', '', '', '', '', '', '', '', '', '', '', '', '', '', '', '', '', 53, 2, 1268945511, 1274949261, 'admin', 'Katharina', NULL, 1),
(89, 0, 1, 0, '<p class="marginalie"><img alt="Manuel Nawri" ismap="ismap" src="files/manuel-nawri.jpg" /><br /><a href="http://www.nawri.eu" target="_blank">www.nawri.eu</a></p>\r\n<h1>Manuel Nawri</h1>\r\n<p style="text-align: justify;">Manuel Nawri wurde 1974 in &Uuml;berlingen geboren. Nach dem Studium in Freiburg und Odessa erhielt er Dirigierunterricht von Stefan Asbury, Sian Edwards, Johannes Kalitzke,Zsolt Nagy und Franck Ollu. Er war Stipendiat der Internationalen Ensemble Modern Akademie, Dirigent der impuls Akademie von Klangforum Wien und Conducting Fellow beim Tanglewood Music Festival.<br /><br />Manuel Nawri arbeitete als Assistent von Peter E&ouml;tv&ouml;s (Schwetzinger Festspiele), Stefan Asbury (Wolfgang Rihm&acute;s &bdquo;Jakob Lenz&ldquo; mit Klangforum Wien bei den Wiener Festwochen), Sian Edwards (Schauspielhaus Frankfurt, Klangspuren Festival Schwaz), Kasper de Roo und Johannes Kalitzke (Liu Sola`s &bdquo;The Red Queen&ldquo; mit dem Ensemble Modern).<br /><br />Er erhielt einen F&ouml;rderpreis der Ernst-von Siemens Musikstiftung, war Stipendiat der Kunststiftung Baden-W&uuml;rttemberg und artist-in-residence von MusicToday 2003, Seoul.<br /><br />Er dirigierte Kurt Weill&acute;s &bdquo;Dreigroschenoper&ldquo; am Schauspielhaus Frankfurt und leitete Liza Lim&acute;s &bdquo;The Navigator&ldquo; mit Ensemble ELISION in Brisbane, Melbourne, beim Tchechov Festival in Moskau und an der Op&eacute;ra national de Paris, sowie Marcelo Toledo&acute;s &bdquo;La selva interior&ldquo; mit dem Kammerensemble Neue Musik Berlin beim ultraschall Festival Berlin. Im<br />Herbst 2010 leitet er die Urauff&uuml;hrung von Steve Hui&acute;s Multimedia-Oper &bdquo;Matteo Ricci&ldquo; in Hongkong.<br /><br />Manuel Nawri arbeitet als Gastdirigent mit Ensemble Modern, Ensemble mosaik, ensemble courage Dresden, Kammerensemble Neue Musik Berlin, dem australischen Ensemble ELISION, der camerata variabile Basel, mit suono mobile Stuttgart, adapter Berlin, mit Ensemble zafraan, dem Solistenensemble Kaleidoskop, der Rheinischen Orchesterakademie Mainz, dem norwegischen Neue Musik Ensemble Bergen Music Pool, dem estnischdeutschen Ensemble bipolar sowie dem Hongkong Contemporary Music Ensemble.<br />2008 wurde er von Benedict Mason gebeten, die Einstudierung seines neuen Werkes mit den Berliner Philharmonikern zu &uuml;bernehmen.<br /><br />Au&szlig;erdem arbeitete er mit dem Experimentalstudio der Strobelstiftung des SWR in Freiburg und dem ZKM Karlsruhe.</p>\r\n<p style="text-align: justify;">2002-2007 war er Dirigent von ensemble chronophonie in Freiburg. Seit 2004 ist er k&uuml;nstlerischer Leiter von audite nova Heidenheim und leitet dort 2011 das Neue Musik Festival im Rahmen der Opernfestspiele Heidenheim. Seit 2003 ist er ausserdem Leiter dercamerata academica Freiburg.<br /><br />Er leitete Konzerte beim Warschauer Herbst, Festival d&acute;automne Paris, Ultraschall Berlin, Huddersfield Contemporary Music Festival, Melbourne International Festival, World Music Days Stuttgart 2006, MusicToday Seoul 2005, bei den Internationalen Ferienkursen f&uuml;r Neue Musik Darmstadt, Musikakademie Schloss Rheinsberg, Quantenspr&uuml;nge Karlsruhe, Klangspuren Schwaz, Korsholm Music Festival, Octogonale Hamburg, Kasseler Musiktage, Estnische Musiktage, Frum Festival Reykjavik, Dark Music Days Reykjavik, Borealis Festival Bergen, Festspelen Bergen, Brisbane Festival.<br /><br />Manuel Nawri leitete Urauff&uuml;hrungen von &uuml;ber 220 Kompositionen und dirigierte Rundfunkaufzeichnungen beim SWR, BR, hr, DeutschlandRadio Berlin und Deutschlandfunk, in der Schweiz, &Ouml;sterreich, Frankreich, Polen, Estland, Island, Korea, Russland, den USA und Australien.<br /><br />Seit 2008 ist er Professor an der Hochschule f&uuml;r Musik &bdquo;Hanns Eisler&ldquo; Berlin und war 2008-2010 Leiter des Instituts f&uuml;r Neue Musik der Universit&auml;t der K&uuml;nste und der Hochschule Hanns Eisler Berlin.<br /></p>\r\n<h6>&Auml;nderungen und K&uuml;rzungen nur in R&uuml;cksprache mit management@nawri.eu</h6>', '', '', '', '', '', '', '', '', '', '', '', '', '', '', '', '', '', '', '', '', '', '', '', '', '', '', '', '', '', '', '', '', '', '', '', '', '', '', '', '', '', '', '', '', '', '', '', '', '', '', '', '', '', '', '', '', '', '', '', '', '', 3, 1, 1267184621, 1283117327, 'admin', 'Katharina', 0, 1),
(231, 0, 1, 0, '2', '', '', '', '', '', '', '', '', '', '', '', '', '', '', '', '', '', '', '', '', '', '', '', '', '', '', '', '', '', '', '', '', '', '', '', '', '', '', '', '', '', '', '', '', '', '', '', '', '', '', '', '', '', '', '', '', '', '', '', '', '', 1, 5, 1314104805, 1314104805, 'claus', 'claus', 0, 1);
INSERT INTO `rex_article_slice` (`id`, `clang`, `ctype`, `re_article_slice_id`, `value1`, `value2`, `value3`, `value4`, `value5`, `value6`, `value7`, `value8`, `value9`, `value10`, `value11`, `value12`, `value13`, `value14`, `value15`, `value16`, `value17`, `value18`, `value19`, `value20`, `file1`, `file2`, `file3`, `file4`, `file5`, `file6`, `file7`, `file8`, `file9`, `file10`, `filelist1`, `filelist2`, `filelist3`, `filelist4`, `filelist5`, `filelist6`, `filelist7`, `filelist8`, `filelist9`, `filelist10`, `link1`, `link2`, `link3`, `link4`, `link5`, `link6`, `link7`, `link8`, `link9`, `link10`, `linklist1`, `linklist2`, `linklist3`, `linklist4`, `linklist5`, `linklist6`, `linklist7`, `linklist8`, `linklist9`, `linklist10`, `php`, `html`, `article_id`, `modultyp_id`, `createdate`, `updatedate`, `createuser`, `updateuser`, `next_article_slice_id`, `revision`) VALUES
(110, 0, 1, 0, '<p>&nbsp;</p>\r\n<h1 class="marginalie">Datenschutzhinweis</h1>\r\n<p>Die Nutzung unserer Webseite ist in der Regel ohne Angabe personenbezogener Daten m&ouml;glich. Soweit auf unseren Seiten personenbezogene Daten (beispielsweise Name, Anschrift oder eMail-Adressen) erhoben werden, erfolgt dies, soweit m&ouml;glich, stets auf freiwilliger Basis. Diese Daten werden ohne Ihre ausdr&uuml;ckliche Zustimmung nicht an Dritte weitergegeben.</p>\r\n<p>Wir weisen darauf hin, dass die Daten&uuml;bertragung im Internet (z.B. bei der Kommunikation per E-Mail) Sicherheitsl&uuml;cken aufweisen kann. Ein l&uuml;ckenloser Schutz der Daten vor dem Zugriff durch Dritte ist nicht m&ouml;glich.</p>\r\n<p>Der Nutzung von im Rahmen der Impressumspflicht ver&ouml;ffentlichten Kontaktdaten durch Dritte zur &Uuml;bersendung von nicht ausdr&uuml;cklich angeforderter Werbung und Informationsmaterialien wird hiermit ausdr&uuml;cklich widersprochen. Die Betreiber der Seiten behalten sich ausdr&uuml;cklich rechtliche Schritte im Falle der unverlangten Zusendung von Werbeinformationen, etwa durch Spam-Mails, vor.</p>\r\n<p class="marginalie"><strong>Wir ben&uuml;tzen Google Analytics um unsere Seiten noch besser f&uuml;r Sie aufbereiten zu k&ouml;nnen.</strong></p>\r\n<p>Diese Website benutzt Google Analytics, einen Webanalysedienst der Google Inc. (&bdquo;Google&ldquo;) Google Analytics verwendet sog. &bdquo;Cookies&ldquo;, Textdateien, die auf Ihrem Computer gespeichert werden und die eine Analyse der Benutzung der Website durch Sie erm&ouml;glicht. Die durch den Cookie erzeugten Informationen &uuml;ber Ihre Benutzung diese Website (einschlie&szlig;lich Ihrer IP-Adresse) wird an einen Server von Google in den USA &uuml;bertragen und dort gespeichert.</p>\r\n<p>Google wird diese Informationen benutzen, um Ihre Nutzung der Website auszuwerten, um Reports &uuml;ber die Websiteaktivit&auml;ten f&uuml;r die Websitebetreiber zusammenzustellen und um weitere mit der Websitenutzung und der Internetnutzung verbundene Dienstleistungen zu erbringen. Auch wird Google diese Informationen gegebenenfalls an Dritte &uuml;bertragen, sofern dies gesetzlich vorgeschrieben oder soweit Dritte diese Daten im Auftrag von Google verarbeiten.</p>\r\n<p><strong>Google wird in keinem Fall Ihre IP-Adresse mit anderen Daten der Google in Verbindung bringen.</strong></p>\r\n<p>Sie k&ouml;nnen die Installation der Cookies durch eine entsprechende Einstellung Ihrer Browser Software verhindern; wir weisen Sie jedoch darauf hin, dass Sie in diesem Fall gegebenenfalls nicht s&auml;mtliche Funktionen dieser Website voll umf&auml;nglich nutzen k&ouml;nnen. Durch die Nutzung dieser Website erkl&auml;ren Sie sich mit der Bearbeitung der &uuml;ber Sie erhobenen Daten durch Google in der zuvor beschriebenen Art und Weise und zu dem zuvor benannten Zweck einverstanden.</p>\r\n<p>&nbsp;</p>', '', '', '', '', '', '', '', '', '', '', '', '', '', '', '', '', '', '', '', '', '', '', '', '', '', '', '', '', '', '', '', '', '', '', '', '', '', '', '', '', '', '', '', '', '', '', '', '', '', '', '', '', '', '', '', '', '', '', '', '', '', 38, 1, 1275046157, 1275046180, 'Katharina', 'Katharina', 0, 1),
(98, 0, 1, 0, 'FREITAG, 26. MÄRZ 2010 • 19.30 UHR', 'Sinfoniekonzert 2010', 'mit Werken von Brahms und Schumann', 'Kurhaus Bad Krozingen', '<p>Im M&auml;rz 2010 wird die camerata academica freiburg nach einer einw&ouml;chigen Probenphase in einem Landhaus in der Auvergne Werke von Brahms und Schumann in Freiburg zur Auff&uuml;hrung bringen.</p>', '<p>Im M&auml;rz 2010 wird die camerata academica freiburg nach einer einw&ouml;chigen Probenphase in einem Landhaus in der Auvergne Werke von Brahms und Schumann in Freiburg zur Auff&uuml;hrung bringen.</p>\r\n<p>Das Konzert und die Probenphase werden von Manuel Nawri geleitet. Als Solist spielt&nbsp;<a href="michael_poliatskin" title="Michael Poliatskin">Michael Poliatskin</a>&nbsp;(Klavier).</p>\r\n<p><strong>Programm</strong></p>\r\n<p>1. Klavierkonzert von Johannes Brahms</p>\r\n<p>4. Sinfonie von Robert Schumann</p>', 'Michael Poliatskin, Klavier\r\ncamerata academica freiburg\r\nManuel Nawri, Leitung', '', '', '', '', '', '', '', '', '', '', '', '', '', '', '', '', '', '', '', '', '', '', '', '', '', '', '', '', '', '', '', '', '', '', '', '', '', '', '', '', '', '', '', '', '', '', '', '', '', '', '', '', '', '', '', 53, 2, 1268946152, 1268946152, 'admin', 'admin', 0, 0),
(104, 0, 1, 103, '<h1 class="marginalie"><img height="188" ismap="ismap" src="files/burgund.jpeg" width="250" /></h1>\r\n<h1><strong>Sinfoniekonzert 2009</strong></h1>\r\n<p><strong><strong>Konzertmitschnitt vom 6. M&auml;rz 2009</strong></strong></p>\r\n<p>Wolfgang Amadeus Mozart (1756 - 1791)<br /> <a href="files/01_sinfoniekonzert_2009.m4a" target="Audio">Idomeneo Ouvert&uuml;re</a><br /> <a href="files/02_sinfoniekonzert_2009.m4a" target="Audio">Rondo f&uuml;r Klavier und Orchester</a></p>\r\n<p>Dimitri Schostakowitsch (1906 - 1975)<br /> <a href="files/03_sinfoniekonzert_2009.m4a" target="Audio">Klavierkonzert Nr. 1 - Allegro moderato</a><br /> <a href="files/04_sinfoniekonzert_2009.m4a" target="Audio">Klavierkonzert Nr. 1 - Lento</a><br /> <a href="files/05_sinfoniekonzert_2009.m4a" target="Audio">Klavierkonzert Nr. 1 - Moderato</a><br /> <a href="files/06_sinfoniekonzert_2009.m4a" target="Audio">Klavierkonzert Nr. 1 - Allegro con brio</a></p>\r\n<p>Ludwig van Beethoven (1770 - 1827)<br /> <a href="files/07_sinfoniekonzert_2009.m4a" target="Audio">Symphonie Nr. 3 - Allegro con brio</a><br /> <a href="files/08_sinfoniekonzert_2009.m4a" target="Audio">Symphonie Nr. 3 - Marcia funebre (Adagio assai)</a><br /> <a href="files/09_sinfoniekonzert_2009.m4a" target="Audio">Symphonie Nr. 3 - Scherzo</a><br /> <a href="files/10_sinfoniekonzert_2009.m4a" target="Audio">Symphonie Nr. 3 - Trio - Finale</a></p>', '', '', '', '', '', '', '', '', '', '', '', '', '', '', '', '', '', '', '', '', '', '', '', '', '', '', '', '', '', '', '', '', '', '', '', '', '', '', '', '', '', '', '', '', '', '', '', '', '', '', '', '', '', '', '', '', '', '', '', '', '', 26, 1, 1274960715, 1274960715, 'Katharina', 'Katharina', 0, 1),
(105, 0, 1, 104, '<div class="rex-content-editmode-slice-output">\r\n<div class="rex-content-editmode-slice-output-2">\r\n<div class="item-text clearfix">\r\n<h1 class="marginalie"><a href="redaxo://27" title="Auvergene 2010"><img height="158" ismap="ismap" src="files/22667_1332606922766_1458823036_30917284_8270259_n.jpg" width="237" /></a></h1>\r\n<h1><strong>Chorkonzert zum &Uuml;ben<br /></strong></h1>\r\n<p>Mendelssohn<br /><a href="files/01_spur_1_1.mp3" title="Ave Maria">"Ave Maria"</a><br /> <a href="files/01_sinfoniekonzert_2009.m4a" target="Audio"></a><a href="files/02_sinfoniekonzert_2009.m4a" target="Audio"><br /></a></p>\r\n<p><a href="http://www.youtube.com/watch?v=7WpPBym_n2Y&amp;feature=related">G. Faur&eacute;</a></p>\r\n<p><br />Mendelssohn "Wie der Hirsch schreit"</p>\r\n<p><a href="files/02_spur_2.mp3">1</a> / <a href="files/03_spur_3.mp3">2</a> / <a href="files/04_spur_4.mp3">3</a> / <a href="files/05_spur_5.mp3">4</a> / <a href="files/06_spur_6.mp3">5</a> / <a href="files/07_spur_7.mp3">6</a> / <a href="files/08_spur_8.mp3">7</a></p>\r\n<p>Poulenc "Gloria" <br /> <a href="files/09_spur_9.mp3">1</a> / <a href="files/10_spur_10.mp3">2</a> / <a href="files/11_spur_11.mp3">3</a> / <a href="files/12_spur_12.mp3">4</a> / <a href="files/13_spur_13.mp3">5</a> /<a href="files/14_spur_14.mp3"> 6</a></p>\r\n</div>\r\n</div>\r\n</div>\r\n<p>&nbsp;</p>', '', '', '', '', '', '', '', '', '', '', '', '', '', '', '', '', '', '', '', '', '', '', '', '', '', '', '', '', '', '', '', '', '', '', '', '', '', '', '', '', '', '', '', '', '', '', '', '', '', '', '', '', '', '', '', '', '', '', '', '', '', 26, 1, 1274961304, 1275344107, 'Katharina', 'Katharina', NULL, 1),
(106, 0, 1, 0, '', '', '', '', '', '', '', '', '', '', '', '', '', '', '', '', '', '', '', '', '', '', '', '', '', '', '', '', '', '', '', '', '', '', '', '', '', '', '', '', '16', '', '', '', '', '', '', '', '', '', '', '', '', '', '', '', '', '', '', '', '', '', 4, 4, 1274962087, 1274962087, 'Katharina', 'Katharina', 0, 1),
(437, 0, 1, 0, '<h2 class="marginalie" style="text-align: right;">Anbieter</h2>\r\n<p><strong>camerata academica freiburg e.V.&nbsp;&nbsp;&nbsp; </strong><br />Schlehenrain 19, 79108 Freiburg&nbsp;</p>\r\n<h2 class="marginalie" style="text-align: right;">Vorstand</h2>\r\n<p>Katharina Puff (Vorsitzende)<br />Claus-Justus Heine (Kassenwart)<br />Georg Rudiger (Schriftf&uuml;hrer)<br />Martina Hoffmann<br />Lea Preisenberger<br />Martina W&uuml;ndrich</p>\r\n<h2 class="marginalie" style="text-align: right;">Aktenzeichen</h2>\r\n<p>Amtsgericht Freiburg<br />VR-3604</p>\r\n<h2 class="marginalie" style="text-align: right;">Redaktion und Gestaltung</h2>\r\n<p>Katharina Puff</p>\r\n<h2 class="marginalie" style="text-align: right;">Umsetzung</h2>\r\n<p>entity38 AG, Gaiglstra&szlig;e 8, 80335 M&uuml;nchen<br /><a href="http://www.entity38.de" target="_blank">www.entity38.de</a>&nbsp;</p>\r\n<h2 class="marginalie" style="text-align: right;">Fotos</h2>\r\n<p>R. Buhl, V. Huber, MBV Freiburg - Foto Vomstein,<br />Domsingschule Freiburg, K. Puff, Sibylle Kenzel<br />HC Pauly</p>\r\n<h2 class="marginalie" style="text-align: right;">Haftungs-<br />ausschluss&nbsp;</h2>\r\n<p>Trotz sorgf&auml;ltiger inhaltlicher Kontrolle &uuml;bernehmen wir keine Haftung f&uuml;r die Inhalte externer Links. F&uuml;r den Inhalt der verlinkten Seiten sind ausschlie&szlig;lich deren Betreiber verantwortlich!</p>\r\n<p>Wir sind bem&uuml;ht alle genannten Quellen, Informationen und Daten nach bestem Wissen korrekt und verl&auml;&szlig;lich darzustellen. Es kann jedoch nicht ausgeschlossen werden, dass bei der Weitergabe und Aktualisierung von Informationen Fehler unterlaufen. Aus diesem Grund bitten wir um Verst&auml;ndnis, dass wir keine Gew&auml;hr auf diesen Seiten f&uuml;r angegebene Quellen, Informationen und Daten &uuml;bernehmen k&ouml;nnen!</p>', '', '', '', '', '', '', '', '', '', '', '', '', '', '', '', '', '', '', '', '', '', '', '', '', '', '', '', '', '', '', '', '', '', '', '', '', '', '', '', '', '', '', '', '', '', '', '', '', '', '', '', '', '', '', '', '', '', '', '', '', '', 13, 1, 1393606996, 1393606996, 'Katharina', 'Katharina', 0, 0),
(123, 0, 1, 122, '<h1 class="marginalie"><img height="188" ismap="ismap" src="files/burgund.jpeg" width="250" /></h1>\r\n<h1><strong>Sinfoniekonzert 2009</strong></h1>\r\n<p><strong><strong>Konzertmitschnitt vom 6. M&auml;rz 2009</strong></strong></p>\r\n<p>Wolfgang Amadeus Mozart (1756 - 1791)<br /> <a href="files/01_sinfoniekonzert_2009.m4a" target="Audio">Idomeneo Ouvert&uuml;re</a><br /> <a href="files/02_sinfoniekonzert_2009.m4a" target="Audio">Rondo f&uuml;r Klavier und Orchester</a></p>\r\n<p>Dimitri Schostakowitsch (1906 - 1975)<br /> <a href="files/03_sinfoniekonzert_2009.m4a" target="Audio">Klavierkonzert Nr. 1 - Allegro moderato</a><br /> <a href="files/04_sinfoniekonzert_2009.m4a" target="Audio">Klavierkonzert Nr. 1 - Lento</a><br /> <a href="files/05_sinfoniekonzert_2009.m4a" target="Audio">Klavierkonzert Nr. 1 - Moderato</a><br /> <a href="files/06_sinfoniekonzert_2009.m4a" target="Audio">Klavierkonzert Nr. 1 - Allegro con brio</a></p>\r\n<p>Ludwig van Beethoven (1770 - 1827)<br /> <a href="files/07_sinfoniekonzert_2009.m4a" target="Audio">Symphonie Nr. 3 - Allegro con brio</a><br /> <a href="files/08_sinfoniekonzert_2009.m4a" target="Audio">Symphonie Nr. 3 - Marcia funebre (Adagio assai)</a><br /> <a href="files/09_sinfoniekonzert_2009.m4a" target="Audio">Symphonie Nr. 3 - Scherzo</a><br /> <a href="files/10_sinfoniekonzert_2009.m4a" target="Audio">Symphonie Nr. 3 - Trio - Finale</a></p>', '', '', '', '', '', '', '', '', '', '', '', '', '', '', '', '', '', '', '', '', '', '', '', '', '', '', '', '', '', '', '', '', '', '', '', '', '', '', '', '', '', '', '', '', '', '', '', '', '', '', '', '', '', '', '', '', '', '', '', '', '', 26, 1, 1275344109, 1275344109, 'Katharina', 'Katharina', 0, 0),
(130, 0, 1, 0, '<p class="marginalie"><img alt="Manuel Nawri" ismap="ismap" src="files/manuel-nawri.jpg" /><br /><a href="http://www.nawri.eu" target="_blank">www.nawri.eu</a></p>\r\n<h1>Manuel Nawri</h1>\r\n<p style="text-align: justify;">Manuel Nawri wurde 1974 in &Uuml;berlingen geboren. Nach dem Studium in Freiburg und Odessa erhielt er Dirigierunterricht von Stefan Asbury, Sian Edwards, Johannes Kalitzke,Zsolt Nagy und Franck Ollu. Er war Stipendiat der Internationalen Ensemble Modern Akademie, Dirigent der impuls Akademie von Klangforum Wien und Conducting Fellow beim Tanglewood Music Festival.<br /><br />Manuel Nawri arbeitete als Assistent von Peter E&ouml;tv&ouml;s (Schwetzinger Festspiele), Stefan Asbury (Wolfgang Rihm&acute;s &bdquo;Jakob Lenz&ldquo; mit Klangforum Wien bei den Wiener Festwochen), Sian Edwards (Schauspielhaus Frankfurt, Klangspuren Festival Schwaz), Kasper de Roo und Johannes Kalitzke (Liu Sola`s &bdquo;The Red Queen&ldquo; mit dem Ensemble Modern).<br /><br />Er erhielt einen F&ouml;rderpreis der Ernst-von Siemens Musikstiftung, war Stipendiat der Kunststiftung Baden-W&uuml;rttemberg und artist-in-residence von MusicToday 2003, Seoul.<br /><br />Er dirigierte Kurt Weill&acute;s &bdquo;Dreigroschenoper&ldquo; am Schauspielhaus Frankfurt und leitete Liza Lim&acute;s &bdquo;The Navigator&ldquo; mit Ensemble ELISION in Brisbane, Melbourne, beim Tchechov Festival in Moskau und an der Op&eacute;ra national de Paris, sowie Marcelo Toledo&acute;s &bdquo;La selva interior&ldquo; mit dem Kammerensemble Neue Musik Berlin beim ultraschall Festival Berlin. Im<br />Herbst 2010 leitet er die Urauff&uuml;hrung von Steve Hui&acute;s Multimedia-Oper &bdquo;Matteo Ricci&ldquo; in Hongkong.<br /><br />Manuel Nawri arbeitet als Gastdirigent mit Ensemble Modern, Ensemble mosaik, ensemble courage Dresden, Kammerensemble Neue Musik Berlin, dem australischen Ensemble ELISION, der camerata variabile Basel, mit suono mobile Stuttgart, adapter Berlin, mit Ensemble zafraan, dem Solistenensemble Kaleidoskop, der Rheinischen Orchesterakademie Mainz, dem norwegischen Neue Musik Ensemble Bergen Music Pool, dem estnischdeutschen Ensemble bipolar sowie dem Hongkong Contemporary Music Ensemble.<br />2008 wurde er von Benedict Mason gebeten, die Einstudierung seines neuen Werkes mit den Berliner Philharmonikern zu &uuml;bernehmen.<br /><br />Au&szlig;erdem arbeitete er mit dem Experimentalstudio der Strobelstiftung des SWR in Freiburg und dem ZKM Karlsruhe.</p>\r\n<p style="text-align: justify;">2002-2007 war er Dirigent von ensemble chronophonie in Freiburg. Seit 2004 ist er k&uuml;nstlerischer Leiter von audite nova Heidenheim und leitet dort 2011 das Neue Musik Festival im Rahmen der Opernfestspiele Heidenheim. Seit 2003 ist er ausserdem Leiter dercamerata academica Freiburg.<br /><br />Er leitete Konzerte beim Warschauer Herbst, Festival d&acute;automne Paris, Ultraschall Berlin, Huddersfield Contemporary Music Festival, Melbourne International Festival, World Music Days Stuttgart 2006, MusicToday Seoul 2005, bei den Internationalen Ferienkursen f&uuml;r Neue Musik Darmstadt, Musikakademie Schloss Rheinsberg, Quantenspr&uuml;nge Karlsruhe, Klangspuren Schwaz, Korsholm Music Festival, Octogonale Hamburg, Kasseler Musiktage, Estnische Musiktage, Frum Festival Reykjavik, Dark Music Days Reykjavik, Borealis Festival Bergen, Festspelen Bergen, Brisbane Festival.<br /><br />Manuel Nawri leitete Urauff&uuml;hrungen von &uuml;ber 220 Kompositionen und dirigierte Rundfunkaufzeichnungen beim SWR, BR, hr, DeutschlandRadio Berlin und Deutschlandfunk, in der Schweiz, &Ouml;sterreich, Frankreich, Polen, Estland, Island, Korea, Russland, den USA und Australien.<br /><br />Seit 2008 ist er Professor an der Hochschule f&uuml;r Musik &bdquo;Hanns Eisler&ldquo; Berlin und war 2008-2010 Leiter des Instituts f&uuml;r Neue Musik der Universit&auml;t der K&uuml;nste und der Hochschule Hanns Eisler Berlin.<br /></p>\r\n<h6>&Auml;nderungen und K&uuml;rzungen nur in R&uuml;cksprache mit management@nawri.eu</h6>', '', '', '', '', '', '', '', '', '', '', '', '', '', '', '', '', '', '', '', '', '', '', '', '', '', '', '', '', '', '', '', '', '', '', '', '', '', '', '', '', '', '', '', '', '', '', '', '', '', '', '', '', '', '', '', '', '', '', '', '', '', 3, 1, 1283117338, 1283117338, 'Katharina', 'Katharina', 0, 0),
(144, 0, 1, 143, '<p class="marginalie"><img height="213" ismap="ismap" src="files/stabat-mater-cd.jpg" width="200" /></p>\r\n<p><span style="font-weight: normal;">SAMSTAG, DEN 13. M&Auml;RZ&nbsp;2004</span></p>\r\n<h1>Joseph Haydn "Stabat Mater"</h1>\r\n<p><em>Freiburger Domsingknaben <br />Freiburger M&auml;dchenkantorei</em></p>\r\n<p>camerata academica freiburg<br />Martina van Lengerich (Leitung)</p>\r\n<p class="ornament">&nbsp;</p>', '', '', '', '', '', '', '', '', '', '', '', '', '', '', '', '', '', '', '', '', '', '', '', '', '', '', '', '', '', '', '', '', '', '', '', '', '', '', '', '', '', '', '', '', '', '', '', '', '', '', '', '', '', '', '', '', '', '', '', '', '', 5, 1, 1286349517, 1286349517, 'Katharina', 'Katharina', 0, 1),
(145, 0, 1, 144, '<p class="marginalie"><img height="200" ismap="ismap" src="files/requiem-cd.jpg" width="200" /></p>\r\n<p>SONNTAG, DEN 23. M&Auml;RZ 2003</p>\r\n<h1><strong>Wolfgang Amadeus Mozart "Requiem"</strong></h1>\r\n<p><em>Freiburger Domsingknaben <br />Freiburger M&auml;dchenkantorei</em></p>\r\n<p>camerata academica freiburg<br />Boris B&ouml;hmann (Leitung)</p>', '', '', '', '', '', '', '', '', '', '', '', '', '', '', '', '', '', '', '', '', '', '', '', '', '', '', '', '', '', '', '', '', '', '', '', '', '', '', '', '', '', '', '', '', '', '', '', '', '', '', '', '', '', '', '', '', '', '', '', '', '', 5, 1, 1286349517, 1286349517, 'Katharina', 'Katharina', 0, 1),
(165, 0, 1, 0, 'Sonntag, 22. Mai 2011 - 18 Uhr', 'Bach Violinkonzert a-Moll\r\nMozart "Requiem"', 'Bach und Mozart\r\n', 'St. Gallus, Kirchzarten\r\n', '<p>Johann Sebastian Bach<br />Violinkonzert a-Moll<br />Violine: Martina W&uuml;ndrich<br /><br />Wolfgang Amadeus Mozart <br />Requiem&nbsp;<br />KV 626, d-Moll</p>', '', 'camerata academica freiburg\r\nKantatenchor Freiburg\r\nMartina Wündrich, Violine / Wolfgang Failer, Leitung', '', '', '', '', '', '', '', '', '', '', '', '', '', '', '', '', '', '', '', '', '', '', '', '', '', '', '', '', '', '', '', '', '', '', '', '', '', '', '', '', '', '', '', '', '', '', '', '', '', '', '', '', '', '', '', 50, 2, 1304019642, 1304019642, 'Katharina', 'Katharina', 0, 0),
(164, 0, 1, 0, 'Sonntag, 22. Mai 2011 - 18 Uhr', 'Bach Violinkonzert a-Moll\r\nMozart "Requiem"', 'Bach und Mozart\r\n', 'St. Gallus, Kirchzarten\r\n', '<p>Johann Sebastian Bach<br />Violinkonzert a-Moll<br />Violine: Martina W&uuml;ndrich<br /><br />Wolfgang Amadeus Mozart <br />Requiem&nbsp;<br />KV 626, d-Moll</p>', '', 'camerata academica freiburg\r\nKantatenchor Freiburg\r\nMartina Wündrich, Violine / Wolfgang Failer, Leitung', '', '', '', '', '', '', '', '', '', '', '', '', '', '', '', '', '', '', '', '', '', '', '', '', '', '', '', '', '', '', '', '', '', '', '', '', '', '', '', '', '', '', '', '', '', '', '', '', '', '', '', '', '', '', '', 50, 2, 1304019535, 1304019564, 'Katharina', 'Katharina', 0, 1),
(166, 0, 1, 0, 'Sonntag, 11.09.2011, 11:45 Uhr', 'A. Dvorák "Aus der neuen Welt"\r\nBeethoven 2. Klavierkonzert', '', 'Steinhalle Emmendingen', '<p>Probenwoche mit Manuel Nawri</p>\r\n<p>03.-10. September 2011</p>\r\n<p>Beethoven - 2. Klavierkonzert - Michael Poliatskin</p>\r\n<p>Dvor&aacute;k - Symphonie Nr. 9 "Aus der neuen Welt"</p>', '<p><a href="redaxo://57" title="Bilder Auvergene 2010"><img height="180" ismap="ismap" src="files/auvergne_2010_02.jpg" style="float: right;" title="Bildergalerie Auvergne 2010" width="240" /></a>Das Konzert in Emmendingen ist der Abschlu&szlig; einer einw&ouml;chigen Probenphase vom 3.9.-10.9.2011 in der Auvergne <a href="files/einladung_und_anmeldung_auvergne.pdf" title="Einladungsschreiben (PDF)">(Einladung/Anmeldung als PDF)</a>, die von unserem Dirigenten <a href="redaxo://3" title="dirigent">Manuel Nawri</a> geleitet wird. Wir freuen uns, dass insbesondere der Solist <a href="redaxo://37" title="Michael Poliatskin">Michael Poliatskin</a> unsere Probenarbeit in Frankreich begleitet.</p>\r\n<p>Als Unterkunft und Probenort steht uns <a href="http://www.lerocfoucaud.com/">"Le Roc Foucaud"</a> (<a href="redaxo://56" title="LeRocFoucaudKarte">&rarr;Google</a>) zur Verf&uuml;gung. Weitere Bilder von der Location finden sich <a href="redaxo://57" title="Bilder Auvergene 2010">&rarr;hier </a>oder durch Anklicken des Fotos.</p>\r\n<p>&nbsp;</p>', 'camerata academica freiburg\r\nManuel Nawri, Leitung\r\nMichael Poliatskin, Klavier\r\n', '', '', '', '', '', '', '', '', '', '', '', '', '', '', '', '', '', '', '', '', '', '', '', '', '', '', '', '', '', '', '', '', '', '', '', '', '', '', '', '', '', '', '', '', '', '', '', '', '', '', '', '', '', '', '', 54, 2, 1304021288, 1314104894, 'Katharina', 'claus', NULL, 1),
(139, 0, 1, 0, '<p class="marginalie"><strong>&bdquo;Ein Abend, der nicht zuletzt zeigt, wie lebendig und jung Klassik jenseits des &uuml;blichen Reproduktionsbetriebs sein kann &ndash; oder einfacher gesagt: <br />Das war erfrischend!&ldquo;</strong><br /><strong><br /><br /><br /><br /><br /><br /><br /><br /><br /><br /><br /><br /><br /><br /><br /><br /><br /><br /><br /><br /><br /><br /><br /><br /><br /><br /><br /><br /><br /><br /><br /><br /><br /><br /><br /><br /><br /></strong></p>\r\n<p style="text-align: justify;">Die <em>camerata academica freiburg e.V. </em><span>&nbsp;</span>ist ein Kammerorchester, das regelm&auml;&szlig;ig zum Symphonieorchester erweitert wird. Das aus Amateur- und Profimusikern bestehende Ensemble wurde 1997 als Projektorchester gegr&uuml;ndet. Unter seinem Chefdirigenten Manuel Nawri, Professor an der Musikhochschule &bdquo;Hanns Eisler&ldquo; in Berlin, erarbeitet das Orchester ambitionierte Konzertprogramme, die in Freiburg und Umgebung aufgef&uuml;hrt werden. Konzertreisen f&uuml;hrten das Orchester bisher nach &Ouml;sterreich, Italien, Polen, Thailand, Australien, Neuseeland und in die USA. <br /><br />Das Konzertjahr des Klangk&ouml;rpers umfasst traditionell ein symphonisches Programm f&uuml;r gro&szlig;es Orchester im Fr&uuml;hjahr mit einer Probenphase in Frankreich, ein Programm mit dem befreundeten Freiburger Kantatenchor, ein Matinee-Konzert mit Kammermusik im Herbst sowie ein Weihnachtskonzert in kleinerer Besetzung in der Adventszeit. In den letzten Jahren wurden neben Schwergewichten des Repertoires wie <em>Elias</em> (Mendelssohn), <em>Sch&ouml;pfung</em> (Haydn), 1. Symphonie und 1. Klavierkonzert von Johannes Brahms, 3. und 7. Symphonie von Ludwig van Beethoven und der <em>Unvollendeten</em> von Franz Schubert auch weniger gespielte Werke des 20. Jahrhunderts zur Auff&uuml;hrung gebracht: Dimitri Schostakowitschs Konzert f&uuml;r Trompete, Klavier und Orchester op. 35 und Francis Poulencs <em>Gloria</em>. Die <em><span>MisaTango - Misa &aacute; Buenos Aires</span></em><span> von Mar&iacute;n Palmeri wurde 2004 durch die <em>camerata academica freiburg</em> uraufgef&uuml;hrt. </span></p>\r\n<p style="text-align: justify;"><span>Neben dem hohen k&uuml;nstlerischen Anspruch zeichnet sich das Orchester auch durch soziales Engagement aus. </span>Seit 2003 finden regelm&auml;&szlig;ig Benefizkonzerte zugunsten krebskranker Kinder statt. Insgesamt konnte bisher eine Summe von &uuml;ber 30.000 &euro;&nbsp;an F&ouml;rdervereine gespendet werden. Die Einnahmen der im Sommer 2005 durchgef&uuml;hrten Konzertreise unter der Schirmherrschaft von Dr. Heiner Gei&szlig;ler nach Thailand, Australien, Neuseeland und die USA kamen krebskranken Kindern und Opfern der Tsunami-Katastrophe zugute. <br /><br />Die musikalische Qualit&auml;t des Ensembles wird auch von der Presse herausgestellt. &Uuml;ber ein Konzert mit Beethovens <em>Eroica</em> schreibt Alexander Dick in der <em>Badischen Zeitung</em>: <span>&bdquo;</span>Dirigent Manuel Nawri entlockt seinen Musikern ein hohes Ma&szlig; an Gestaltungswillen, und das zeitigt zum Teil verbl&uuml;ffende Ergebnisse. Die beiden Ecks&auml;tze erklingen expressiv, dynamisch sorgf&auml;ltig ausgearbeitet, vor allem mit Beethoven&rsquo;scher Leidenschaft.&ldquo; Und zieht ein Fazit, das auch als Selbstverst&auml;ndnis des Orchesters gesehen werden kann: &bdquo;Ein Abend, der nicht zuletzt zeigt, wie lebendig und jung Klassik jenseits des &uuml;blichen Reproduktionsbetriebs sein kann &ndash; oder einfacher gesagt: Das war erfrischend!&ldquo;</p>\r\n<p style="text-align: justify;">&nbsp;</p>\r\n<p>&nbsp;</p>', '', '', '', '', '', '', '', '', '', '', '', '', '', '', '', '', '', '', '', '', '', '', '', '', '', '', '', '', '', '', '', '', '', '', '', '', '', '', '', '', '', '', '', '', '', '', '', '', '', '', '', '', '', '', '', '', '', '', '', '', '', 14, 1, 1285784274, 1285784274, 'Katharina', 'Katharina', 0, 0),
(197, 0, 1, 0, '<p><iframe frameborder="0" height="480" marginheight="0" marginwidth="0" scrolling="no" src="http://maps.google.de/maps?hl=de&amp;q=le+roc+foucaud&amp;ie=UTF8&amp;hq=le+roc+foucaud&amp;hnear=&amp;radius=15000&amp;cid=11371175048062059549&amp;ll=46.225453,3.647461&amp;spn=7.296992,14.0625&amp;z=6&amp;iwloc=A&amp;output=embed" width="640"></iframe><br /><small><a href="http://maps.google.de/maps?hl=de&amp;q=le+roc+foucaud&amp;ie=UTF8&amp;hq=le+roc+foucaud&amp;hnear=&amp;radius=15000&amp;cid=11371175048062059549&amp;ll=46.225453,3.647461&amp;spn=7.296992,14.0625&amp;z=6&amp;iwloc=A&amp;source=embed" style="color:#0000FF;text-align:left">Gr&ouml;&szlig;ere Kartenansicht</a></small></p>', '', '', '', '', '', '', '', '', '', '', '', '', '', '', '', '', '', '', '', '', '', '', '', '', '', '', '', '', '', '', '', '', '', '', '', '', '', '', '', '', '', '', '', '', '', '', '', '', '', '', '', '', '', '', '', '', '', '', '', '', '', 56, 1, 1304266495, 1304266495, 'Katharina', 'Katharina', 0, 0),
(201, 0, 1, 0, '<h1 class="marginalie">Auvergene 2010</h1>\r\n<p>&nbsp;</p>', '', '', '', '', '', '', '', '', '', '', '', '', '', '', '', '', '', '', '', '', '', '', '', '', '', '', '', '', '', '', '', '', '', '', '', '', '', '', '', '', '', '', '', '', '', '', '', '', '', '', '', '', '', '', '', '', '', '', '', '', '', 27, 1, 1304267579, 1304267579, 'Katharina', 'Katharina', 0, 1),
(202, 0, 1, 201, '', '', '', '', '', '', '', '', '', '', '', '', '', '', '', '', '', '', '', '', '', '', '', '', '', '', '', '', '', '', 'auvergne_2010_01.jpg,auvergne_2010_02.jpg,auvergne_2010_03.jpg,auvergne_2010_04.jpg,auvergne_2010_05.jpg,auvergne_2010_06.jpg,auvergne_2010_07.jpg,auvergne_2010_08.jpg,auvergne_2010_09.jpg,auvergne_2010_10.jpg,auvergne_2010_11.jpg,auvergne_2010_12.jpg,auvergne_2010_13.jpg,auvergne_2010_14.jpg,auvergne_2010_15.jpg,auvergne_2010_16.jpg,auvergne_2010_17.jpg,auvergne_2010_18.jpg,auvergne_2010_19.jpg,auvergne_2010_20.jpg,auvergne_2010_21.jpg,auvergne_2010_22.jpg,auvergne_2010_23.jpg,auvergne_2010_24.jpg,auvergne_2010_25.jpg,auvergne_2010_26.jpg,auvergne_2010_27.jpg,auvergne_2010_28.jpg,auvergne_2010_29.jpg,auvergne_2010_30.jpg,auvergne_2010_31.jpg,auvergne_2010_32.jpg,auvergne_2010_33.jpg,auvergne_2010_34.jpg,auvergne_2010_35.jpg,auvergne_2010_36.jpg,auvergne_2010_37.jpg,auvergne_2010_38.jpg,auvergne_2010_39.jpg,auvergne_2010_40.jpg,auvergne_2010_41.jpg,auvergne_2010_42.jpg,auvergne_2010_43.jpg,auvergne_2010_44.jpg,auvergne_2010_45.jpg,auvergne_2010_46.jpg', '', '', '', '', '', '', '', '', '', '', '', '', '', '', '', '', '', '', '', '', '', '', '', '', '', '', '', '', '', '', '', 27, 6, 1304267579, 1304267579, 'Katharina', 'Katharina', 0, 1),
(177, 0, 1, 0, '<h1 class="marginalie">Informationen</h1>\r\n<p>Im Bereich&nbsp;<a href="redaxo://33" title="informationen">Informationen f&uuml;r Mitglieder&nbsp;</a>werden wir Euch in Zukunft &uuml;ber die Details zu den bevorstehenden Projekten informieren, soweit diese nicht im &ouml;ffentlichen Bereich der Homepage zu finden sind.</p>\r\n<p>Insbesondere f&uuml;r das bevorstehende Projekt "Frankreich 2010" werdet Ihr hier die Details zur Logistik und allen weiteren organisatorischen Themen finden.</p>\r\n<h1 class="marginalie">Bildergalerien</h1>\r\n<p>Es ist eine neue Bildergalerie <a href="redaxo://27" title="Auvergene 2010">Auvergene 2010</a> verf&uuml;gbar.</p>\r\n<p>Eine &Uuml;bersicht aller Bildergalerien findet Ihr&nbsp;<a href="redaxo://23" title="bildergalerien">hier &raquo;</a></p>\r\n<h1 class="marginalie">Downloads</h1>\r\n<p>Exclusiv f&uuml;r die Mitspieler der camerata gibt es hier Konzertmitschnitte als&nbsp;<a href="redaxo://26" title="downloads">Downloads</a>.&nbsp;</p>', '', '', '', '', '', '', '', '', '', '', '', '', '', '', '', '', '', '', '', '', '', '', '', '', '', '', '', '', '', '', '', '', '', '', '', '', '', '', '', '', '', '', '', '', '', '', '', '', '', '', '', '', '', '', '', '', '', '', '', '', '', 11, 1, 1304263802, 1304263802, 'Katharina', 'Katharina', 0, 1),
(178, 0, 1, 0, '<h1 class="marginalie">Informationen</h1>\r\n<p>An dieser Stelle findet Ihr in Zukunft organisatorische Informationen zu den bevorstehenden Projekten.</p>', '', '', '', '', '', '', '', '', '', '', '', '', '', '', '', '', '', '', '', '', '', '', '', '', '', '', '', '', '', '', '', '', '', '', '', '', '', '', '', '', '', '', '', '', '', '', '', '', '', '', '', '', '', '', '', '', '', '', '', '', '', 33, 1, 1304263873, 1304263873, 'Katharina', 'Katharina', 0, 1),
(180, 0, 1, 178, '<h1 class="marginalie">Auvergne 2011</h1>\r\n<p><a href="redaxo://57" title="Bilder Auvergene 2010"><img height="180" ismap="ismap" src="files/auvergne_2010_02.jpg" style="float: right;" title="Bildergalerie Auvergne 2010" width="240" /></a>Das <a href="redaxo://54" title="Auvergne 2011">Konzert in Emmendingen</a> ist der Abschlu&szlig; einer einw&ouml;chigen Probenphase in der Auvergne <a href="files/einladung_und_anmeldung_auvergne.pdf" title="Einladungsschreiben (PDF)">(Einladung/Anmeldung als PDF)</a>, die von unserem Dirigenten <a href="redaxo://3" title="dirigent">Manuel Nawri</a> geleitet wird. Wir freuen uns, dass insbesondere der Solist <a href="redaxo://37" title="Michael Poliatskin">Michael Poliatskin</a> unsere Probenarbeit in Frankreich begleitet.</p>\r\n<p>Als Unterkunft und Probenort steht uns <a href="http://www.lerocfoucaud.com/">"Le Roc Foucaud"</a> (<a href="redaxo://56" title="LeRocFoucaudKarte">&rarr;Google</a>) zur Verf&uuml;gung. Weitere Bilder von der Location finden sich <a href="redaxo://57" title="Bilder Auvergene 2010">&rarr;hier </a>oder durch Anklicken des Fotos.</p>\r\n<p>&nbsp;</p>', '', '', '', '', '', '', '', '', '', '', '', '', '', '', '', '', '', '', '', '', '', '', '', '', '', '', '', '', '', '', '', '', '', '', '', '', '', '', '', '', '', '', '', '', '', '', '', '', '', '', '', '', '', '', '', '', '', '', '', '', '', 33, 1, 1304264120, 1304269976, 'Katharina', 'Katharina', NULL, 1),
(185, 0, 1, 0, 'Michael Poliatskin', '<p>Der Pianist Michael Poliatskin&nbsp;schloss 1997 sein Studium mit dem Solistenexamen an der Staatlichen Hochschule f&uuml;r Musik Freiburg bei Prof. F. Gottlieb mit Auszeichnung ab.</p>', '<p class="marginalie"><img height="266" ismap="ismap" src="files/michael_poliatskin.jpg" width="200" /></p>\r\n<h1>Michael Poliatskin&nbsp;</h1>\r\n<p>1967 in&nbsp;St. Petersburg geboren, erhielt Michael Poliatskin seinen ersten Klavierunterricht im Alter von f&uuml;nf Jahren. Nachdem er 1986 das Staatliche Musikcollege in St. Petersburg mit Auszeichnung absolvierte, folgte ein Studium bei Prof. R. Lebedev am Staatlichen Konservatorium St. Petersburg und 1990 seine Emigration nach Israel. Sein Aufbaustudium an der Musikakademie in Jerusalem bei Prof. I. Berkowitch beendete er mit dem Abschluss "K&uuml;nstlerdiplom". 1997 schloss er sein Studium mit dem Solistenexamen an der Staatlichen Hochschule f&uuml;r Musik Freiburg bei Prof. F. Gottlieb mit Auszeichnung ab.</p>\r\n<p>Michael Poliatskin war Stipendiat der America-Israel Cultural Foundation, Finalist des Internationalen Klavierwettbewerbs St. Nom-la-Bret&egrave;che (Frankreich, 1992) und Teilnehmer zahlreicher Internationaler Festivals. 2001 gr&uuml;ndete er ein Kammermusikensemble "MusicArt Trio", welches 2006 eine CD mit Ersteinspielungen italienischer Kammermusik des 19. Jh. aufnahm. 2005 trat Michael Poliatskin als Solist bei der Tournee mit dem Orchester camerata academica freiburg in Australien, Neuseeland, Thailand und USA auf. Neben seiner Konzertt&auml;tigkeit als Solopianist und Kammermusiker ist Michael Poliatskin auch als Klavierp&auml;dagoge t&auml;tig.</p>', '', '', '', '', '', '', '', '', '', '', '', '', '', '', '', '', '', '', '', '', '', '', '', '', '', '', '', '', '', '', '', '', '', '', '', '', '', '', '', '', '', '', '', '', '', '', '', '', '', '', '', '', '', '', '', '', '', '', '', 37, 7, 1304264482, 1304264482, 'Katharina', 'Katharina', 0, 1),
(196, 0, 1, 0, '<p><iframe frameborder="0" height="480" marginheight="0" marginwidth="0" scrolling="no" src="http://maps.google.de/maps?hl=de&amp;q=le+roc+foucaud&amp;ie=UTF8&amp;hq=le+roc+foucaud&amp;hnear=&amp;radius=15000&amp;cid=11371175048062059549&amp;ll=46.225453,3.647461&amp;spn=7.296992,14.0625&amp;z=6&amp;iwloc=A&amp;output=embed" width="640"></iframe><br /><small><a href="http://maps.google.de/maps?hl=de&amp;q=le+roc+foucaud&amp;ie=UTF8&amp;hq=le+roc+foucaud&amp;hnear=&amp;radius=15000&amp;cid=11371175048062059549&amp;ll=46.225453,3.647461&amp;spn=7.296992,14.0625&amp;z=6&amp;iwloc=A&amp;source=embed" style="color:#0000FF;text-align:left">Gr&ouml;&szlig;ere Kartenansicht</a></small></p>', '', '', '', '', '', '', '', '', '', '', '', '', '', '', '', '', '', '', '', '', '', '', '', '', '', '', '', '', '', '', '', '', '', '', '', '', '', '', '', '', '', '', '', '', '', '', '', '', '', '', '', '', '', '', '', '', '', '', '', '', '', 56, 1, 1304266448, 1304266448, 'Katharina', 'Katharina', NULL, 1),
(203, 0, 1, 0, '<h1 class="marginalie">Auvergene 2010</h1>\r\n<p>&nbsp;</p>', '', '', '', '', '', '', '', '', '', '', '', '', '', '', '', '', '', '', '', '', '', '', '', '', '', '', '', '', '', '', '', '', '', '', '', '', '', '', '', '', '', '', '', '', '', '', '', '', '', '', '', '', '', '', '', '', '', '', '', '', '', 57, 1, 1304267618, 1304267618, 'Katharina', 'Katharina', 0, 0),
(204, 0, 1, 203, '', '', '', '', '', '', '', '', '', '', '', '', '', '', '', '', '', '', '', '', '', '', '', '', '', '', '', '', '', '', 'auvergne_2010_01.jpg,auvergne_2010_02.jpg,auvergne_2010_03.jpg,auvergne_2010_04.jpg,auvergne_2010_05.jpg,auvergne_2010_06.jpg,auvergne_2010_07.jpg,auvergne_2010_08.jpg,auvergne_2010_09.jpg,auvergne_2010_10.jpg,auvergne_2010_11.jpg,auvergne_2010_12.jpg,auvergne_2010_13.jpg,auvergne_2010_14.jpg,auvergne_2010_15.jpg,auvergne_2010_16.jpg,auvergne_2010_17.jpg,auvergne_2010_18.jpg,auvergne_2010_19.jpg,auvergne_2010_20.jpg,auvergne_2010_21.jpg,auvergne_2010_22.jpg,auvergne_2010_23.jpg,auvergne_2010_24.jpg,auvergne_2010_25.jpg,auvergne_2010_26.jpg,auvergne_2010_27.jpg,auvergne_2010_28.jpg,auvergne_2010_29.jpg,auvergne_2010_30.jpg,auvergne_2010_31.jpg,auvergne_2010_32.jpg,auvergne_2010_33.jpg,auvergne_2010_34.jpg,auvergne_2010_35.jpg,auvergne_2010_36.jpg,auvergne_2010_37.jpg,auvergne_2010_38.jpg,auvergne_2010_39.jpg,auvergne_2010_40.jpg,auvergne_2010_41.jpg,auvergne_2010_42.jpg,auvergne_2010_43.jpg,auvergne_2010_44.jpg,auvergne_2010_45.jpg,auvergne_2010_46.jpg', '', '', '', '', '', '', '', '', '', '', '', '', '', '', '', '', '', '', '', '', '', '', '', '', '', '', '', '', '', '', '', 57, 6, 1304267618, 1304267618, 'Katharina', 'Katharina', 0, 0),
(223, 0, 1, 0, 'SAMSTAG, 27. MÄRZ 2010 • 20.00 UHR', 'Sinfoniekonzert 2010', 'mit Werken von Brahms und Schumann', 'Theodor-Egel-Saal in Freiburg-Ebnet', '<p>Im M&auml;rz 2010 wird die camerata academica freiburg nach einer einw&ouml;chigen Probenphase in einem Landhaus in der Auvergne Werke von Brahms und Schumann in Freiburg zur Auff&uuml;hrung bringen.</p>', '<p>Im M&auml;rz 2010 wird die camerata academica freiburg nach einer einw&ouml;chigen Probenphase in einem Landhaus in der Auvergne Werke von Brahms und Schumann in Freiburg zur Auff&uuml;hrung bringen.</p>\r\n<p>Das Konzert und die Probenphase werden von Manuel Nawri geleitet. Als Solist spielt&nbsp;<a href="michael_poliatskin" title="Michael Poliatskin">Michael Poliatskin</a>&nbsp;(Klavier).</p>\r\n<p><strong>Programm</strong></p>\r\n<p>1. Klavierkonzert von Johannes Brahms</p>\r\n<p>4. Sinfonie von Robert Schumann</p>', 'Michael Poliatskin, Klavier\r\ncamerata academica freiburg\r\nManuel Nawri, Leitung', '', '', '', '', '', '', '', '', '', '', '', '', '', '', '', '', '', '', '', '', '', '', '', '', '', '', '', '', '', '', '', '', '', '', '', '', '', '', '', '', '', '', '', '', '', '', '', '', '', '', '', '', '', '', '', 49, 2, 1309805712, 1309805712, 'claus', 'claus', 0, 1),
(209, 0, 1, 0, '', '', '', '', '', '', '', '', '', '', '', '', '', '', '', '', '', '', '', '', '', '', '', '', '', '', '', '', '', '', '', '', '', '', '', '', '', '', '', '', '14', '', '', '', '', '', '', '', '', '', '', '', '', '', '', '', '', '', '', '', '', '', 2, 4, 1304269524, 1304269524, 'Katharina', 'Katharina', 0, 1),
(212, 0, 1, 0, '<h1 class="marginalie">Informationen</h1>\r\n<p>An dieser Stelle findet Ihr in Zukunft organisatorische Informationen zu den bevorstehenden Projekten.</p>', '', '', '', '', '', '', '', '', '', '', '', '', '', '', '', '', '', '', '', '', '', '', '', '', '', '', '', '', '', '', '', '', '', '', '', '', '', '', '', '', '', '', '', '', '', '', '', '', '', '', '', '', '', '', '', '', '', '', '', '', '', 33, 1, 1304269978, 1304269978, 'Katharina', 'Katharina', 0, 0),
(213, 0, 1, 212, '<h1 class="marginalie">Auvergne 2011</h1>\r\n<p><a href="redaxo://57" title="Bilder Auvergene 2010"><img height="180" ismap="ismap" src="files/auvergne_2010_02.jpg" style="float: right;" title="Bildergalerie Auvergne 2010" width="240" /></a>Das <a href="redaxo://54" title="Auvergne 2011">Konzert in Emmendingen</a> ist der Abschlu&szlig; einer einw&ouml;chigen Probenphase in der Auvergne <a href="files/einladung_und_anmeldung_auvergne.pdf" title="Einladungsschreiben (PDF)">(Einladung/Anmeldung als PDF)</a>, die von unserem Dirigenten <a href="redaxo://3" title="dirigent">Manuel Nawri</a> geleitet wird. Wir freuen uns, dass insbesondere der Solist <a href="redaxo://37" title="Michael Poliatskin">Michael Poliatskin</a> unsere Probenarbeit in Frankreich begleitet.</p>\r\n<p>Als Unterkunft und Probenort steht uns <a href="http://www.lerocfoucaud.com/">"Le Roc Foucaud"</a> (<a href="redaxo://56" title="LeRocFoucaudKarte">&rarr;Google</a>) zur Verf&uuml;gung. Weitere Bilder von der Location finden sich <a href="redaxo://57" title="Bilder Auvergene 2010">&rarr;hier </a>oder durch Anklicken des Fotos.</p>\r\n<p>&nbsp;</p>', '', '', '', '', '', '', '', '', '', '', '', '', '', '', '', '', '', '', '', '', '', '', '', '', '', '', '', '', '', '', '', '', '', '', '', '', '', '', '', '', '', '', '', '', '', '', '', '', '', '', '', '', '', '', '', '', '', '', '', '', '', 33, 1, 1304269978, 1304269978, 'Katharina', 'Katharina', 0, 0),
(224, 0, 1, 0, '05. Mai 2006', 'Bach & Tango\r\n', '', 'St. Martin - Freiburg \r\nKirche in Kirchhofen ', '<p>Benefizkonzert mit dem Faustchor in Staufen</p>\r\n<p>Leitung: Peter Koderisch</p>', '<p>Martin Palmeri "Misa Tango"<br />Johann Sebastian Bach - Doppelkonzert f&uuml;r 2 Violinen<br />Johann Sebastian Bach - "Vergn&uuml;gte Ruh, beliebte Seelenlust"</p>', 'Ruth Sandhoff, Mezzosopran\r\nMartina Wündrich, Violine\r\nFranziska Müller-Feser\r\n', '', '', '', '', '', '', '', '', '', '', '', '', '', '', '', '', '', '', '', '', '', '', '', '', '', '', '', '', '', '', '', '', '', '', '', '', '', '', '', '', '', '', '', '', '', '', '', '', '', '', '', '', '', '', '', 52, 2, 1309806177, 1309806177, 'claus', 'claus', 0, 0),
(250, 0, 1, 0, '8.-13. August 2012', 'Brahms Requiem\r\n', 'Konzertreise mit dem Freiburger Kantatenchor nach Südtirol', 'Kloster Neustift/Brixen Südtirol ', '<p>Probezeiten und genaue Angaben der Konzerte folgen.</p>', '<p><a href="redaxo://63" title="Proben Neustift 2012">Probenplan</a></p>', 'camerata academica freiburg\r\nKantatenchor Freiburg\r\nund weitere Ensembles', '', '', '', '', '', '', '', '', '', '', '', '', '', '', '', '', '', '', '', '', '', '', '', '', '', '', '', '', '', '', '', '', '', '', '', '', '', '', '', '', '', '', '', '', '', '', '', '', '', '', '', '', '', '', '', 59, 2, 1315773252, 1341314819, 'claus', 'claus', NULL, 1),
(254, 0, 1, 0, 'Sonntag, 18.12.2011 - 18 Uhr ', 'J.S. Bach | A. Corelli | A. Vivaldi\r\n', '', 'Heilig Geist Kirche, Universitätklinikum Freiburg \r\n(zwischen Chirurgie und Innerer Medizin)', '<p>Adventskonzert <br />der Camerata Academica Freiburg</p>', '<p><a href="redaxo://57" title="Bilder Auvergene 2010"><br /></a></p>\r\n<p><a href="probenplan" title="Probenplan">Probenplan</a></p>', 'Sophia Huschle, Oboe\r\nGunnar Persicke, Violine\r\nKatharina Puff, Georg Rudiger, Violoncello\r\n\r\ncamerata academica freiburg\r\n\r\nGunnar Persicke, Leitung \r\n', '', '', '', '', '', '', '', '', '', '', '', '', '', '', '', '', '', '', '', '', '', '', '', '', '', '', '', '', '', '', '', '', '', '', '', '', '', '', '', '', '', '', '', '', '', '', '', '', '', '', '', '', '', '', '', 58, 2, 1315774205, 1321185978, 'claus', 'Katharina', 0, 1),
(249, 0, 1, 0, '5. August - 11. August 2008', 'Konzertreise Südtirol', 'Die Schöpfung von Joseph Haydn', 'Kloster Neustift, Italien', '<p>Im Rahmen der Internationale Musikwochen -&nbsp;35 Jahre Kloster Neustift/Brixen S&uuml;dtirol wurden zwei Konzerte mit Die Sch&ouml;pfung von Joseph Haydn aufgef&uuml;hrt.</p>\r\n<div></div>', '<p>Im Rahmen der Internationale Musikwochen -&nbsp;35 Jahre Kloster Neustift/Brixen S&uuml;dtirol wurden zwei Konzerte mit Die Sch&ouml;pfung von Joseph Haydn aufgef&uuml;hrt.</p>\r\n<p>Samstag, den 9. August 2008 in der&nbsp;Pfarrkirche&nbsp;Sterzing</p>\r\n<p>Sonntag, den 10 August 2008 in der&nbsp;Basilika des Klosters&nbsp;Neustift</p>\r\n<p>&nbsp;</p>', 'Katharina Persicke (Sopran), Min Woo Lim (Tenor), Johannes M. Kösters (Bass)\r\nErdinger Kammerorchester, camerata academica freiburg, Tivon chamber choir, Freiburger Kantatenchor, Singkreis Neustift\r\nWolfgang Failer (Leitung)\r\n', '', '', '', '', '', '', '', '', '', '', '', '', '', '', '', '', '', '', '', '', '', '', '', '', '', '', '', '', '', '', '', '', '', '', '', '', '', '', '', '', '', '', '', '', '', '', '', '', '', '', '', '', '', '', '', 47, 2, 1315772974, 1315772974, 'claus', 'claus', 0, 1);
INSERT INTO `rex_article_slice` (`id`, `clang`, `ctype`, `re_article_slice_id`, `value1`, `value2`, `value3`, `value4`, `value5`, `value6`, `value7`, `value8`, `value9`, `value10`, `value11`, `value12`, `value13`, `value14`, `value15`, `value16`, `value17`, `value18`, `value19`, `value20`, `file1`, `file2`, `file3`, `file4`, `file5`, `file6`, `file7`, `file8`, `file9`, `file10`, `filelist1`, `filelist2`, `filelist3`, `filelist4`, `filelist5`, `filelist6`, `filelist7`, `filelist8`, `filelist9`, `filelist10`, `link1`, `link2`, `link3`, `link4`, `link5`, `link6`, `link7`, `link8`, `link9`, `link10`, `linklist1`, `linklist2`, `linklist3`, `linklist4`, `linklist5`, `linklist6`, `linklist7`, `linklist8`, `linklist9`, `linklist10`, `php`, `html`, `article_id`, `modultyp_id`, `createdate`, `updatedate`, `createuser`, `updateuser`, `next_article_slice_id`, `revision`) VALUES
(256, 0, 1, 0, 'Samstag, den 21. April 2007 • 20 Uhr', 'Sinfoniekonzert 2007', 'mit Werken von Johannes Brahms und Franz Schubert', 'Konzerthaus Freiburg', '<p>Benefizkonzert zugunsten des <a href="http://www.helfen-hilft.de/" target="_blanc">F&ouml;rdervereins krebskranker Kinder e.V.</a> Freiburg.</p>\r\n<p>Im April 2007 brachte die camerata academica freiburg nach einer einw&ouml;chigen Probenphase in S&uuml;dfrankreich Werke von Johannes Brahms und Franz Schubert im Konzerthaus Freiburg zur Auff&uuml;hrung.</p>\r\n<p>Das Konzert wurde ohne das "Schicksalslied" am&nbsp;15. M&auml;rz 2007 um&nbsp;20 Uhr im Kurhaus Bad Krozingen und am 20. April 2007 um 20 Uhr in der Mehrzweckhalle &Ouml;tlingen aufgef&uuml;hrt.</p>', '<div>\r\n<p>Benefizkonzert zugunsten des&nbsp;<a href="http://www.helfen-hilft.de/" target="_blanc">F&ouml;rdervereins krebskranker Kinder e.V.</a>Freiburg.</p>\r\n<p>Im April 2007 brachte die camerata academica freiburg nach einer einw&ouml;chigen Probenphase in S&uuml;dfrankreich Werke von Johannes Brahms und Franz Schubert im Konzerthaus Freiburg zur Auff&uuml;hrung.</p>\r\n</div>\r\n<p>Das Konzert wurde ohne das "Schicksalslied" am&nbsp;15. M&auml;rz 2007 um&nbsp;20 Uhr im Kurhaus Bad Krozingen und am 20. April 2007 um 20 Uhr in der Mehrzweckhalle &Ouml;tlingen aufgef&uuml;hrt.</p>\r\n<p>&nbsp;</p>\r\n<p><strong>Programm</strong></p>\r\n<p>8. Sinfonie, h-moll &bdquo;Unvollendete&ldquo; von Franz Schubert&nbsp;</p>\r\n<p>"Schicksalslied" op. 54 von Johannes Brahms</p>\r\n<p>1. Sinfonie, c-moll von Johannes Brahms</p>\r\n<p>&nbsp;</p>\r\n<p><strong>CD-Aufnahme</strong></p>\r\n<p>Das Konzert im Konzerthaus Freiburg wurde live aufgenommen und ist als CD erh&auml;ltlich (siehe Men&uuml;punkt <a href="redaxo://5" title="audio">Audio</a>).&nbsp;</p>\r\n<p>&nbsp;</p>\r\n<p><strong>Konzertkritik &Ouml;tlingen</strong></p>\r\n<p><strong><span style="font-weight: normal;"><em>aus der Badischen Zeitung vom 24. April 2007 von&nbsp;Grischa M. Freimann</em></span></strong></p>\r\n<h1><strong><span style="font-weight: normal;"><strong>&Uuml;berzeugend im Schwergewicht</strong></span></strong></h1>\r\n<p><strong><strong>Camerata Academica aus Freiburg gastierte in &Ouml;tlingen</strong></strong></p>\r\n<p><strong><strong><span style="font-weight: normal;">Mit der unvollendeten 7. Symphonie h-moll von Franz Schubert und der ersten Symphonie c-Moll von Johannes Brahms standen zwei h&auml;ufig gespielte musikalische Schwergewichte auf dem <span>Programm des Konzertes, das die Camerata Academica Freiburg unter der Leitung ihres Dirigenten </span>Manuel Nawri in der &Ouml;tlinger Mehrzweckhalle gab. Wie schon h&auml;ufiger unterst&uuml;tzten die Musiker mit den Einnahmen den F&ouml;rderverein krebskranker Kinder. Geradezu professionell spielt das Laienorchester Camerata Academica, ohne indes in die Gefahr zu geraten, dass die Interpretation dabei steril wird.</span></strong></strong></p>\r\n<p><strong><strong><span style="font-weight: normal;">Eine gro&szlig;e St&auml;rke ist die Ausgewogenheit der Instrumentengruppen, bei der sich alle Musiker, die auch als Solisten Beachtliches leisten, zu einem Klangk&ouml;rper vereinen. Im Gegensatz zu manch anderem Orchester dominiert keine Gruppe, gerade auch Holz- und Blechbl&auml;ser sind wunderbar ausgeglichen. Dabei wird jeweils den Instrumenten, die die F&uuml;hrung haben, dezent Raum gelassen. Auch dadurch k&ouml;nnen die Werke mit einem ungemein breiten dynamischen und gestalterischen <span>Spektrum interpretiert werden. Gekonnt werden gro&szlig;e Linien nachgezeichnet, Spannungen auf- und </span>abgebaut.</span></strong></strong></p>\r\n<p><strong><strong><span style="font-weight: normal;">Gerade im Kopfsatz der "Unvollendeten" wurden mit dezentem Tremolo ungemein gro&szlig;e Spannungen aufgebaut, mit gro&szlig;em Ausdruck wurden das liedhafte Thema wie auch die harten <span>Orchesterschl&auml;ge gestaltet, die die Idylle immer wieder fast schon &uuml;berfallartig unterbrechen und in </span>ihrer Heftigkeit den Zuh&ouml;rern unter die Haut gingen. Da wurde auch die Zerrissenheit Schuberts sp&uuml;rbar. Sehr ebenm&auml;&szlig;ig wurden beim Andante con moto die Solopassagen eingebettet, die sehr <span>kantablen Linien des Satzes wirkten fast erholsam nach dem dramatischen Eingangssatz, aber auch </span>dieser Satz ist nicht frei von intensiven dramatischen Ersch&uuml;tterungen. Gekonnt brachte das Orchester diese Facetten zum Klingen.</span></strong></strong></p>\r\n<p><strong><strong><span style="font-weight: normal;"><span>&Uuml;bersichtlich angelegt und gestaltet wurde dann die erste Symphonie von Johannes Brahms, die er </span>sp&auml;t komponierte. Mit gro&szlig;en Steigerungen wurde der Kopfsatz gestaltet, der vorw&auml;rts dr&auml;ngende <span>Charakter des Satzes sehr gut getroffen. Quasi als Kontrast wurde das Andante sostenuto angelegt, </span>sehr gef&auml;llig und sanft musiziert. Sehr h&uuml;bsche pizzicato-Passagen und reizvolle Kontraste durch die Verbindung von Legato und pizzicato kennzeichneten den dritten Satz, breit wurde der Trugschluss vor dem etwas &uuml;berraschenden Schluss des Satzes gestaltet. Deutlich wurden die verschiedenen Teile dieses sehr virtuosen Satzes voneinander abgesetzt, die Interpretation dieses stark an Beethoven erinnernden Werkes gelang &uuml;berzeugend. Gro&szlig;er Applaus in der Mehrzweckhalle.</span></strong></strong></p>\r\n<p><strong><strong><span style="font-weight: normal;"><br /></span></strong></strong></p>\r\n<p><strong>Konzertkritik Freiburg</strong></p>\r\n<p><em>aus der Badischen Zeitung vom 25. April 2007 von Gero Schreier</em></p>\r\n<h1>Sch&ouml;n, ohne aufzur&uuml;tteln</h1>\r\n<p><strong>Die Camerata Academica im Freiburger Konzerthaus</strong></p>\r\n<p><strong><span style="font-weight: normal; "><span style="font-size: small; ">Das Schicksal war eine Vorstellung, die das 19. Jahrhundert fasziniert haben&nbsp;muss. Von Beethovens ber&uuml;hmter "Schickalssinfonie" bis zu Tschaikowsky und&nbsp;Mahler, die sich von einem missg&uuml;nstigen Fatum verfolgt glaubten, l&auml;sst sich&nbsp;diese Linie ziehen. Nicht fehlen darf in der Aufz&auml;hlung nat&uuml;rlich Brahms''&nbsp;"Schicksalslied" nach H&ouml;lderlin, das die Camerata Academica Freiburg,&nbsp;gemeinsam mit dem Freiburger Kantatenchor unter Leitung von Manuel Nawri zu&nbsp;Geh&ouml;r brachte, dazu Schuberts "Unvollendete" und Brahms'' erste Sinfonie.&nbsp;Auch dies Werke, in die sich das "Schicksal" ihrer Urheber einschrieb: Beide&nbsp;rangen jahrelang mit ihren Sch&ouml;pfungen, die sich gegen das scheinbar&nbsp;un&uuml;berwindliche Vorbild Beethovens zu behaupten hatten.</span></span></strong></p>\r\n<p><strong><span style="font-weight: normal; "><span style="font-size: small; ">Umso markanter die Gegens&auml;tze zwischen den beiden Tonst&uuml;cken: feinsinnige&nbsp;motivische Entwicklungen bei Brahms gegen&uuml;ber Schuberts fl&auml;chigen,&nbsp;melodieenseligen Architekturen. Vor allem diese gelangen der Camerata&nbsp;Academica. Dankenswert die solide Leistung des Bl&auml;serapparats. Schade nur,&nbsp;dass viele von Schuberts typischen Schroffheiten bei insgesamt fl&uuml;ssigem&nbsp;Spiel und etwas fl&uuml;chtigen Tempi verloren gingen.</span></span></strong></p>\r\n<p><strong><span style="font-weight: normal; "><span style="font-size: small; ">Ein Manko, dass jedoch durch den sch&ouml;nen, ausgewogenen Klang und&nbsp;&uuml;berzeugende Koordination des Ensembles zum Teil wett gemacht wurde. So auch&nbsp;in den Brahms-Kompositionen. Im "Schicksalslied" malt Brahms die von&nbsp;H&ouml;lderlin geschilderte Sph&auml;re der "Himmlischen" mit gedeckten Kl&auml;ngen,&nbsp;Streicher und Bl&auml;ser bilden einen &auml;therischen Teppich, &uuml;ber den sich die&nbsp;Chorpartie erhebt. Diese gelang ausgewogen und dem Text angemessen&nbsp;(Einstudierung: Wolfgang Failer). Die Schicksalsverfallenheit des Menschen&nbsp;dann gestaltet Brahms mit allem, was ihm an Dramatik zu Gebote steht.</span></span></strong></p>\r\n<p><strong><span style="font-weight: normal; "><span style="font-size: small; ">Das "schicksalhafte" Ringen mit dem Giganten Beethoven schlie&szlig;lich war&nbsp;Brahms'' erster Sinfonie im ausgesprochen trotzig-gr&uuml;blerischen Charakter&nbsp;anzuh&ouml;ren, der sich durch alle S&auml;tze zieht. Erfreulich, dass die Camerata&nbsp;Academica stets die musikalische Kontinuit&auml;t bewahrte, sowohl in gro&szlig;artigen&nbsp;Aufgipfelungen wie kontrapunktisch-rhythmischen Finessen gewohnt solide&nbsp;blieb, wenn auch ohne wirklich aufzur&uuml;tteln. Durfte man sich beim&nbsp;"Schicksalslied" noch mit Brahms fragen, ob das "gute Ende" die "Hauptsache"&nbsp;oder doch eher ein "misslungenes Experiment" ist, so war hier bis in die&nbsp;letzten l&auml;rmenden Takte hinein ein schmerzlich-gequ&auml;ltes Element bemerkbar:&nbsp;Ein Schicksal, das sich nicht absch&uuml;tteln l&auml;sst.</span></span></strong></p>\r\n<p>&nbsp;</p>', 'Freiburger Kantatenchor\r\ncamerata academica freiburg\r\nManuel Nawri (Leitung)', '', '', '', '', '', '', '', '', '', '', '', '', '', '', '', '', '', '', '', '', '', '', '', '', '', '', '', '', '', '', '', '', '', '', '', '', '', '', '', '', '', '', '', '', '', '', '', '', '', '', '', '', '', '', '', 46, 2, 1315774876, 1315774876, 'claus', 'claus', 0, 1),
(258, 0, 1, 0, 'Sonntag, den 16. September 2007 • 18 Uhr', 'Kammerkonzert 2007', 'mit Werken von Wolfgang Amadeus Mozart', '"Haus zur lieben Hand", Freiburg', '<p>Benefizkonzert zugunsten&nbsp;<a href="http://www.psych.uni-goettingen.de/home/barke/sga/" target="_blanc">Seelische Gesundheit Afrika e.V.</a><br />Es musizieren Mitglieder der camerata academica freiburg.&nbsp;</p>', '<p>Benefizkonzert zugunsten&nbsp;<a href="http://www.psych.uni-goettingen.de/home/barke/sga/" target="_blanc">Seelische Gesundheit Afrika e.V.<br /></a>Es musizieren Mitglieder der camerata academica freiburg.&nbsp;</p>\r\n<p><strong>Programm</strong></p>\r\n<p>Streichquartett KV 387 und Oboenquartett KV 370 von Wolfgang Amadeus Mozart</p>', 'Götz Rößner (Oboe), Martina Wündrich (Violine), Caroline von Kries (Violine), Ludwig Zeller (Viola), Katharina Puff (Cello)', '', '', '', '', '', '', '', '', '', '', '', '', '', '', '', '', '', '', '', '', '', '', '', '', '', '', '', '', '', '', '', '', '', '', '', '', '', '', '', '', '', '', '', '', '', '', '', '', '', '', '', '', '', '', '', 44, 2, 1315774899, 1315774899, 'claus', 'claus', 0, 1),
(273, 0, 1, 0, '27. Mai 2012 - 3. Juni 2012', 'Felix Mendelssohn-Bartholdy\r\n  1. Sinfonie\r\nWolfgang Amadeus Mozart\r\n  "Jupitersinfonie"', 'Probenwoche & Konzerte', 'Arbeitsphase 27. Mai - 2. Juni Lago Maggiore\r\nKonzert am 1. Juni im Tessin\r\nKonzert am 3. Juni Emmendingen "Wasser"', '<p>Probezeiten und genaue Angaben der Konzerte folgen.</p>', '<p><a href="redaxo://62" title="Proben Lago Maggiore 2012">Probenplan</a></p>\r\n<p><a href="files/rundmail_anmeldung.pdf" title="Anmeldung Lago Maggiore 2012">Einladungsschreiben und Anmeldeformular</a></p>', 'camerata academica freiburg\r\nManuel Nawri, Leitung\r\n', '', '', '', '', '', '', '', '', '', '', '', '', '', '', '', '', '', '', '', '', '', '', '', '', '', '', '', '', '', '', '', '', '', '', '', '', '', '', '', '', '', '', '', '', '', '', '', '', '', '', '', '', '', '', '', 60, 2, 1329136835, 1341116516, 'claus', 'cafev', 0, 1),
(295, 0, 1, 0, 'Sonntag, 18.12.2011 - 18 Uhr ', 'J.S. Bach | A. Corelli | A. Vivaldi\r\n', '', 'Heilig Geist Kirche, Universitätklinikum Freiburg \r\n(zwischen Chirurgie und Innerer Medizin)', '<p>Adventskonzert <br />der Camerata Academica Freiburg</p>', '<p><a href="redaxo://57" title="Bilder Auvergene 2010"><br /></a></p>\r\n<p><a href="probenplan" title="Probenplan">Probenplan</a></p>', 'Sophia Huschle, Oboe\r\nGunnar Persicke, Violine\r\nKatharina Puff, Georg Rudiger, Violoncello\r\n\r\ncamerata academica freiburg\r\n\r\nGunnar Persicke, Leitung \r\n', '', '', '', '', '', '', '', '', '', '', '', '', '', '', '', '', '', '', '', '', '', '', '', '', '', '', '', '', '', '', '', '', '', '', '', '', '', '', '', '', '', '', '', '', '', '', '', '', '', '', '', '', '', '', '', 58, 2, 1341075003, 1341075003, 'claus', 'claus', 0, 0),
(352, 0, 1, 0, '27. Mai 2012 - 3. Juni 2012', 'Felix Mendelssohn-Bartholdy\r\n  1. Sinfonie\r\nWolfgang Amadeus Mozart\r\n  "Jupitersinfonie"', 'Probenwoche & Konzerte', 'Arbeitsphase 27. Mai - 2. Juni Lago Maggiore\r\nKonzert am 1. Juni im Tessin\r\nKonzert am 3. Juni Emmendingen "Wasser"', '<p>Probezeiten und genaue Angaben der Konzerte folgen.</p>', '<p><a href="redaxo://62" title="Proben Lago Maggiore 2012">Probenplan</a></p>\r\n<p><a href="files/rundmail_anmeldung.pdf" title="Anmeldung Lago Maggiore 2012">Einladungsschreiben und Anmeldeformular</a></p>', 'camerata academica freiburg\r\nManuel Nawri, Leitung\r\n', '', '', '', '', '', '', '', '', '', '', '', '', '', '', '', '', '', '', '', '', '', '', '', '', '', '', '', '', '', '', '', '', '', '', '', '', '', '', '', '', '', '', '', '', '', '', '', '', '', '', '', '', '', '', '', 60, 2, 1341116520, 1341116520, 'cafev', 'cafev', 0, 0),
(391, 0, 1, 0, '17.11.2012 (Kirchhofen), 18.11.2012 (Freiburg)', 'Brahms: Ein Deutsches Requiem\r\n', 'Konzerte mit dem Freiburger Kantatenchor\r\n', 'Wallfahrtskirche Kirchhofen, 17.11.2012, 20 Uhr \r\nMaria-Hilf-Kirche Freiburg, 18.11.2012, 18.00 Uhr ', '<p>Probezeiten und genaue Angaben der Konzerte folgen.</p>', '<p><a href="redaxo://63" title="Proben Neustift 2012">Probenplan</a></p>\r\n<p>Abschlu&szlig;konzerte des <a href="redaxo://59" title="Brahm Requiem Neustift 2012">Workshops im Kloster Neustift/S&uuml;dtirol</a></p>', 'camerata academica freiburg\r\nKantatenchor Freiburg\r\nund weitere Ensembles', '', '', '', '', '', '', '', '', '', '', '', '', '', '', '', '', '', '', '', '', '', '', '', '', '', '', '', '', '', '', '', '', '', '', '', '', '', '', '', '', '', '', '', '', '', '', '', '', '', '', '', '', '', '', '', 67, 2, 1354176221, 1354176221, 'claus', 'claus', 0, 0),
(420, 0, 1, 0, '17. August 2014, 11.30 Uhr ', 'Schumann & Schostakowitsch', 'Schumann, Klavierkonzert a-Moll op. 54\r\nSchostakowitsch, 5. Symphonie, d-Moll op.47', 'Kulturforum, Brixen 15. August 2014, 18.00 Uhr\r\nSteinhalle, Emmendingen 17. August 2014, 11.30 Uhr \r\nBenefizkonzerte\r\n\r\n\r\n', '<p><a href="redaxo://66" title="Proben Auvergne 2013">Probenplan, Konzerte.</a></p>', '<p><a href="redaxo://66" title="Proben Tango 2012/2013">Probenplan</a></p>\r\n<p><a href="files/suedtirol2014.pdf" title="Anmeldung S&uuml;dtirol 2014">Anmeldungsschreiben</a></p>', 'Michael Poliatskin, Klavier\r\ncamerata academica freiburg\r\nManuel Nawri - Leitung ', '', '', '', '', '', '', '', '', '', '', '', '', '', '', '', '', '', '', '', '', '', '', '', '', '', '', '', '', '', '', '', '', '', '', '', '', '', '', '', '', '', '', '', '', '', '', '', '', '', '', '', '', '', '', '', 65, 2, 1371900957, 1406300370, 'claus', 'Katharina', 0, 1),
(357, 0, 1, 0, '17.11.2012 (Kirchhofen), 18.11.2012 (Freiburg)', 'Brahms: Ein Deutsches Requiem\r\n', 'Konzerte mit dem Freiburger Kantatenchor\r\n', 'Wallfahrtskirche Kirchhofen, 17.11.2012, 20 Uhr \r\nMaria-Hilf-Kirche Freiburg, 18.11.2012, 18.00 Uhr ', '<p>Probezeiten und genaue Angaben der Konzerte folgen.</p>', '<p><a href="redaxo://63" title="Proben Neustift 2012">Probenplan</a></p>\r\n<p>Abschlu&szlig;konzerte des <a href="redaxo://59" title="Brahm Requiem Neustift 2012">Workshops im Kloster Neustift/S&uuml;dtirol</a></p>', 'camerata academica freiburg\r\nKantatenchor Freiburg\r\nund weitere Ensembles', '', '', '', '', '', '', '', '', '', '', '', '', '', '', '', '', '', '', '', '', '', '', '', '', '', '', '', '', '', '', '', '', '', '', '', '', '', '', '', '', '', '', '', '', '', '', '', '', '', '', '', '', '', '', '', 67, 2, 1341315094, 1352853028, 'claus', 'Katharina', 0, 1),
(346, 0, 1, 0, '', '', '', '', '', '', '', '', '', '', '', '', '', '', '', '', '', '', '', '', '', '', '', '', '', '', '', '', '', '', '', '', '', '', '', '', '', '', '', '', '', '', '', '', '', '', '', '', '', '', '', '', '', '', '', '', '', '', '', '', '', '', 16, 3, 1341094052, 1349209992, 'cafev', 'georg', 0, 1),
(333, 0, 1, 0, 'Lago Maggiore (Pfingsten 2012)', '<h2><strong>Felix Mendelssohn-Bartholdy: 1. Sinfonie</strong></h2>\r\n<h2><strong>Wolfgang Amadeus Mozart: "Jupitersinfonie"</strong></h2>\r\n<p><strong>27. Mai 2012 - 3. Juni 2012, Arbeitsphase am Lago Maggiore<br /></strong></p>\r\n<p><strong>1 Juni: Konzert im Tessin</strong></p>\r\n<p><strong>3. Juni: Konzert Emmendingen "Wasser"</strong></p>\r\n<p>Probenwoche unter Leitung von Manuel Nawri</p>\r\n<p>Anmeldung:&nbsp; <span class="mailto">katharina.puff@cafev.de</span><br /> Telefon: 0177 / 6230892</p>\r\n<p>&nbsp;</p>', '', '', '', '', '', '', '', '', '', '', '', '', '', '', '', '', '', '', '', '', '', '', '', '', '', '', '', '', '', '', '', '', '', '', '', '', '', '', '', '', '', '', '', '', '', '', '', '', '', '', '', '', '', '', '', '', '', '', '', '', 62, 11, 1341092574, 1341093297, 'cafev', 'cafev', NULL, 1),
(379, 0, 1, 0, '', '', '', '', '', '', '', '', '', '', '', '', '', '', '', '', '', '', '', '', '', '', '', '', '', '', '', '', '', '', '', '', '', '', '', '', '', '', '', '', '', '', '', '', '', '', '', '', '', '', '', '', '', '', '', '', '', '', '', '', '', '', 8, 10, 1352458241, 1352458241, 'Katharina', 'Katharina', 0, 1),
(337, 0, 1, 0, 'Brahms Requiem Südtirol und Freiburg', '<h2><strong>Konzertreise mit dem Freiburger Kantatenchor nach S&uuml;dtirol<br />08.-13. August 2012<br />Brahms - Requiem <br /></strong></h2>\r\n<h3>Probenwochenende:</h3>\r\n<ul>\r\n<li>Freitag, 20. Juli 2012, 19 Uhr, Streicher</li>\r\n<li>Samstag, 21. Juli 2012, 10-13 Uhr Tutti</li>\r\n<li> Die Proben finden wieder im gro&szlig;en H&ouml;rsaal am Flugplatz Geb&auml;ude 082 statt.</li>\r\n<li><a href="http://www.uni-freiburg.de/universitaet/kontakt-und-wegweiser/lageplaene/technischefakultaet">http://www.uni-freiburg.de/universitaet/kontakt-und-wegweiser/lageplaene/technischefakultaet</a></li>\r\n</ul>\r\n<h2>Konzerte in Freiburg:</h2>\r\n<h2>17.11.2012, 20:00 Uhr Kirchhofen</h2>\r\n<h2>18.11.2012, 18:00 Uhr Freiburg, Maria Hilf Kirche<br /></h2>\r\n<p>Proben in Freiburg:</p>\r\n<ul>\r\n<li>Hauptprobe 15.11.2012 18:00 Uhr, Friedrich Gymnasium Freiburg i.Br.</li>\r\n<li>Generalprobe 16.11.2012, 19:00 Uhr, Kirchhofen</li>\r\n<li><strong>Keine</strong> Anspielprobe am 17.11. (Kirchhofen)</li>\r\n<li>Anspielprobe 16:00 Uhr am 18.11. (Maria Hilf, Freiburg)</li>\r\n</ul>', '<p><a href="files/brief_juni_suedtirol_2012.doc">Rundschreiben Juni</a></p>\r\n<p><a href="files/rundmail_anmeldung_1.pdf">Anmeldung Lago Maggiore und Neustift</a></p>', '', '', '', '', '', '', '', '', '', '', '', '', '', '', '', '', '', '', '', '', '', '', '', '', '', '', '', '', '', '', '', '', '', '', '', '', '', '', '', '', '', '', '', '', '', '', '', '', '', '', '', '', '', '', '', '', '', '', '', 63, 11, 1341092750, 1352889018, 'cafev', 'claus', NULL, 1),
(336, 0, 1, 0, '', '', '', '', '', '', '', '', '', '', '', '', '', '', '', '', '', '', '', '', '', '', '', '', '', '', '', '', '', '', '', '', '', '', '', '', '', '', '', '', '', '', '', '', '', '', '', '', '', '', '', '', '', '', '', '', '', '', '', '', '', '', 8, 10, 1341092665, 1341092665, 'cafev', 'cafev', 0, 0),
(330, 0, 1, 0, '', '', '', '', '', '', '', '', '', '', '', '', '', '', '', '', '', '', '', '', '', '', '', '', '', '', '', '', '', '', '', '', '', '', '', '', '', '', '', '', '', '', '', '', '', '', '', '', '', '', '', '', '', '', '', '', '', '', '', '', '', '', 35, 8, 1341091149, 1341091149, 'cafev', 'cafev', 0, 1),
(331, 0, 1, 0, '', '', '', '', '', '', '', '', '', '', '', '', '', '', '', '', '', '', '', '', '', '', '', '', '', '', '', '', '', '', '', '', '', '', '', '', '', '', '', '', '', '', '', '', '', '', '', '', '', '', '', '', '', '', '', '', '', '', '', '', '', '', 17, 3, 1341092293, 1341092293, 'cafev', 'cafev', 0, 1),
(350, 0, 1, 0, 'Lago Maggiore (Pfingsten 2012)', '<h2><strong>Felix Mendelssohn-Bartholdy: 1. Sinfonie</strong></h2>\r\n<h2><strong>Wolfgang Amadeus Mozart: "Jupitersinfonie"</strong></h2>\r\n<p><strong>27. Mai 2012 - 3. Juni 2012, Arbeitsphase am Lago Maggiore<br /></strong></p>\r\n<p><strong>1 Juni: Konzert im Tessin</strong></p>\r\n<p><strong>3. Juni: Konzert Emmendingen "Wasser"</strong></p>\r\n<p>Probenwoche unter Leitung von Manuel Nawri</p>\r\n<p>Anmeldung:&nbsp; <span class="mailto">katharina.puff@cafev.de</span><br /> Telefon: 0177 / 6230892</p>\r\n<p>&nbsp;</p>', '', '', '', '', '', '', '', '', '', '', '', '', '', '', '', '', '', '', '', '', '', '', '', '', '', '', '', '', '', '', '', '', '', '', '', '', '', '', '', '', '', '', '', '', '', '', '', '', '', '', '', '', '', '', '', '', '', '', '', '', 62, 11, 1341115993, 1341115993, 'claus', 'claus', 0, 0),
(364, 0, 1, 0, 'Südtirol 2014 - Brixen (09.-17.08.2014) ', '<h3>Workshop - Symphonisches Programm<br />Schumann &amp; Schostakowitsch<br /><br />Schumann - Klavierkonzert Nr. 1<br />Schostakowitsch - Symphonie Nr. 5<br /></h3>\r\n<p>Michael Poliatskin, Klavier<br /> Manuel Nawri, Leitung</p>\r\n<h3>Konzerte</h3>\r\n<p>Brixen (15. August 2014, Ort noch unbekannt)<br />Steinhalle, Emmendingen (17. August 2014, 11.30 Uhr)</p>\r\n<h3>Proben</h3>\r\n<p>Beginn in Freiburg: <br />Samstag, 09. August 2014, 10:00 Uhr</p>\r\n<ul>\r\n</ul>', '', '', '', '', '', '', '', '', '', '', '', '', '', '', '', '', '', '', '', '', '', '', '', '', '', '', '', '', '', '', '', '', '', '', '', '', '', '', '', '', '', '', '', '', '', '', '', '', '', '', '', '', '', '', '', '', '', '', '', '', 66, 11, 1342876251, 1392932683, 'Katharina', 'Katharina', 0, 1),
(382, 0, 1, 0, 'Brahms Requiem Südtirol und Freiburg', '<h2><strong>Konzertreise mit dem Freiburger Kantatenchor nach S&uuml;dtirol<br />08.-13. August 2012<br />Brahms - Requiem <br /></strong></h2>\r\n<h3>Probenwochenende:</h3>\r\n<ul>\r\n<li>Freitag, 20. Juli 2012, 19 Uhr, Streicher</li>\r\n<li>Samstag, 21. Juli 2012, 10-13 Uhr Tutti</li>\r\n<li> Die Proben finden wieder im gro&szlig;en H&ouml;rsaal am Flugplatz Geb&auml;ude 082 statt.</li>\r\n<li><a href="http://www.uni-freiburg.de/universitaet/kontakt-und-wegweiser/lageplaene/technischefakultaet">http://www.uni-freiburg.de/universitaet/kontakt-und-wegweiser/lageplaene/technischefakultaet</a></li>\r\n</ul>\r\n<h2>Konzerte in Freiburg:</h2>\r\n<h2>17.11.2012, 20:00 Uhr Kirchhofen</h2>\r\n<h2>18.11.2012, 18:00 Uhr Freiburg, Maria Hilf Kirche<br /></h2>\r\n<p>Proben in Freiburg:</p>\r\n<ul>\r\n<li>Hauptprobe 15.11.2012 18:00 Uhr, Friedrich Gymnasium Freiburg i.Br.</li>\r\n<li>Generalprobe 16.11.2012, 19:00 Uhr, Kirchhofen</li>\r\n<li><strong>Keine</strong> Anspielprobe am 17.11. (Kirchhofen)</li>\r\n<li>Anspielprobe 16:00 Uhr am 18.11. (Maria Hilf, Freiburg)</li>\r\n</ul>', '<p><a href="files/brief_juni_suedtirol_2012.doc">Rundschreiben Juni</a></p>\r\n<p><a href="files/rundmail_anmeldung_1.pdf">Anmeldung Lago Maggiore und Neustift</a></p>', '', '', '', '', '', '', '', '', '', '', '', '', '', '', '', '', '', '', '', '', '', '', '', '', '', '', '', '', '', '', '', '', '', '', '', '', '', '', '', '', '', '', '', '', '', '', '', '', '', '', '', '', '', '', '', '', '', '', '', 63, 11, 1352889032, 1352889032, 'claus', 'claus', 0, 0),
(387, 0, 1, 0, 'Sonntag, 2. Dezember 2012', 'Adventskonzert', 'Felix Mendelssohn-Bartholdy, Sinfonie Nr. 6 für Streicher\r\nWolfgang Amadeus Mozart, Hornkonzert Es-Dur, KV 417\r\nWolfgang Amadeus Mozart, Divertimento in D, KV 136\r\nWolfgang Amadeus Mozart, Divertimento in F,  KV 138\r\n', 'Klinikkirche Heilig Geist, Freiburg\r\n(im Universitätsklinikum zwischen Chirurgie und Innerer Medizin, Hugstettenstraße)', '<p><a href="redaxo://69" title="Weihnachten2012">Probenplan</a>.</p>', '<p><a href="redaxo://69" title="Weihnachten2012">Probenplan</a></p>', 'Gabriel Weis, Horn\r\nGunnar Persicke, Musikalische Leitung\r\ncamerata academica freiburg e.V.', '', '', '', '', '', '', '', '', '', '', '', '', '', '', '', '', '', '', '', '', '', '', '', '', '', '', '', '', '', '', '', '', '', '', '', '', '', '', '', '', '', '', '', '', '', '', '', '', '', '', '', '', '', '', '', 68, 2, 1354175680, 1354175680, 'claus', 'claus', 0, 0),
(384, 0, 1, 0, 'Sonntag, 2. Dezember 2012', 'Adventskonzert', 'Felix Mendelssohn-Bartholdy, Sinfonie Nr. 6 für Streicher\r\nWolfgang Amadeus Mozart, Hornkonzert Es-Dur, KV 417\r\nWolfgang Amadeus Mozart, Divertimento in D, KV 136\r\nWolfgang Amadeus Mozart, Divertimento in F,  KV 138\r\n', 'Klinikkirche Heilig Geist, Freiburg\r\n(im Universitätsklinikum zwischen Chirurgie und Innerer Medizin, Hugstettenstraße)', '<p><a href="redaxo://69" title="Weihnachten2012">Probenplan</a>.</p>', '<p><a href="redaxo://69" title="Weihnachten2012">Probenplan</a></p>', 'Gabriel Weis, Horn\r\nGunnar Persicke, Musikalische Leitung\r\ncamerata academica freiburg e.V.', '', '', '', '', '', '', '', '', '', '', '', '', '', '', '', '', '', '', '', '', '', '', '', '', '', '', '', '', '', '', '', '', '', '', '', '', '', '', '', '', '', '', '', '', '', '', '', '', '', '', '', '', '', '', '', 68, 2, 1354174186, 1354175676, 'claus', 'claus', 0, 1),
(432, 0, 1, 0, 'Südtirol 2014 - Brixen (09.-17.08.2014) ', '<h3>Workshop - Symphonisches Programm<br />Schumann &amp; Schostakowitsch<br /><br />Schumann - Klavierkonzert Nr. 1<br />Schostakowitsch - Symphonie Nr. 5<br /></h3>\r\n<p>Michael Poliatskin, Klavier<br /> Manuel Nawri, Leitung</p>\r\n<h3>Konzerte</h3>\r\n<p>Brixen (15. August 2014, Ort noch unbekannt)<br />Steinhalle, Emmendingen (17. August 2014, 11.30 Uhr)</p>\r\n<h3>Proben</h3>\r\n<p>Beginn in Freiburg: <br />Samstag, 09. August 2014, 10:00 Uhr</p>\r\n<ul>\r\n</ul>', '', '', '', '', '', '', '', '', '', '', '', '', '', '', '', '', '', '', '', '', '', '', '', '', '', '', '', '', '', '', '', '', '', '', '', '', '', '', '', '', '', '', '', '', '', '', '', '', '', '', '', '', '', '', '', '', '', '', '', '', 66, 11, 1392932688, 1392932688, 'Katharina', 'Katharina', 0, 0),
(422, 0, 1, 0, '<h2 class="marginalie" style="text-align: right;">Anbieter</h2>\r\n<p><strong>camerata academica freiburg e.V.&nbsp;&nbsp;&nbsp; </strong><br />Schlehenrain 19, 79108 Freiburg&nbsp;</p>\r\n<h2 class="marginalie" style="text-align: right;">Vorstand</h2>\r\n<p>Katharina Puff (Vorsitzende)<br />Claus-Justus Heine (Kassenwart)<br />Georg Rudiger (Schriftf&uuml;hrer)<br />Martina Hoffmann<br />Lea Preisenberger<br />Martina W&uuml;ndrich</p>\r\n<h2 class="marginalie" style="text-align: right;">Aktenzeichen</h2>\r\n<p>Amtsgericht Freiburg<br />VR-3604</p>\r\n<h2 class="marginalie" style="text-align: right;">Redaktion und Gestaltung</h2>\r\n<p>Katharina Puff</p>\r\n<h2 class="marginalie" style="text-align: right;">Umsetzung</h2>\r\n<p>entity38 AG, Gaiglstra&szlig;e 8, 80335 M&uuml;nchen<br /><a href="http://www.entity38.de" target="_blank">www.entity38.de</a>&nbsp;</p>\r\n<h2 class="marginalie" style="text-align: right;">Fotos</h2>\r\n<p>R. Buhl, V. Huber, MBV Freiburg - Foto Vomstein,<br />Domsingschule Freiburg, K. Puff, Sibylle Kenzel<br />HC Pauly</p>\r\n<h2 class="marginalie" style="text-align: right;">Haftungs-<br />ausschluss&nbsp;</h2>\r\n<p>Trotz sorgf&auml;ltiger inhaltlicher Kontrolle &uuml;bernehmen wir keine Haftung f&uuml;r die Inhalte externer Links. F&uuml;r den Inhalt der verlinkten Seiten sind ausschlie&szlig;lich deren Betreiber verantwortlich!</p>\r\n<p>Wir sind bem&uuml;ht alle genannten Quellen, Informationen und Daten nach bestem Wissen korrekt und verl&auml;&szlig;lich darzustellen. Es kann jedoch nicht ausgeschlossen werden, dass bei der Weitergabe und Aktualisierung von Informationen Fehler unterlaufen. Aus diesem Grund bitten wir um Verst&auml;ndnis, dass wir keine Gew&auml;hr auf diesen Seiten f&uuml;r angegebene Quellen, Informationen und Daten &uuml;bernehmen k&ouml;nnen!</p>', '', '', '', '', '', '', '', '', '', '', '', '', '', '', '', '', '', '', '', '', '', '', '', '', '', '', '', '', '', '', '', '', '', '', '', '', '', '', '', '', '', '', '', '', '', '', '', '', '', '', '', '', '', '', '', '', '', '', '', '', '', 13, 1, 1383187548, 1393606993, 'claus', 'Katharina', 0, 1),
(425, 0, 1, 0, '<p><strong>camerata academica freiburg e.V. &nbsp; &nbsp;</strong></p>\r\n<p><strong><span style="font-weight: normal;">c/o Katharina Puff<br />Schlehenrain 19<br />79108 Freiburg<br /></span></strong></p>\r\n<p><span class="mailto"><strong>camerata-academica-freiburg@cafev.de</strong></span></p>\r\n<p><span class="mailto"><strong><a href="files/camerata_academica_freiburg_executive_board_camerata_academica_freiburg_e.v._camerata-academica-freiburg_cafev.de_0xd4e422a0_pub.asc" onclick="window.open(this.href); return false;" title="&Ouml;ffentlicher OpenPGP Schl&uuml;ssel -- Email Verschl&uuml;sselung">OpenPGP Pulic Key (Email-Verschl&uuml;sselung)</a><br /></strong></span></p>', '', '', '', '', '', '', '', '', '', '', '', '', '', '', '', '', '', '', '', '', '', '', '', '', '', '', '', '', '', '', '', '', '', '', '', '', '', '', '', '', '', '', '', '', '', '', '', '', '', '', '', '', '', '', '', '', '', '', '', '', '', 12, 1, 1386795989, 1402434563, 'claus', 'claus', 0, 1),
(469, 0, 1, 0, '09. Mai 2014 - 20.00 Uhr ', '„Bandoneon meets strings“ im SWR-Studio Freiburg', 'Piazzolla arrangiert von Héctor Urbon', '9.5.2014, 20:00 Uhr, SWR-Studio Freiburg | Schlossbergsaal ', '<p><a href="redaxo://71" title="Proben Tango 2014">Probenplan Tango</a></p>', '<h1>&bdquo;Bandoneon meets           strings&ldquo;</h1>\r\n<p>H&eacute;ctor           Urb&oacute;n spielt mit der camerata academica freiburg Tangos von Astor           Piazzolla  <br /> "Der Tango stellt die         Verbindung zu einer wirklichen oder ertr&auml;umten Vergangenheit         dar, die besser         war als die Gegenwart&ldquo;, sagt der in Buenos Aires geborene         Bandoneonist         H&eacute;ctor Urb&oacute;n. F&uuml;r das Orchester camerata academica freiburg hat         der in Kirchzarten lebende Argentinier Tangos von Astor         Piazzolla arrangiert.         Der Tristango trifft auf Adios nonino, die Fuga           y misterio auf die Milonga de angel. Das Bandoneon wird zum         Erz&auml;hler, das 20-k&ouml;pfige         Streichorchester zum Gef&uuml;hlsverst&auml;rker. Der raue, manchmal         klagende Klang         des Bandoneons wird vom weichen Ton der Streicher getragen.         Dirigiert wird         das Konzert von Gunnar Persicke, Stimmf&uuml;hrer der zweiten         Violinen beim         SWR-Sinfonieorchester.  <br /> Nach dem Konzert, ab         ca.         22 Uhr, verwandelt sich der Schlossbergsaal in eine Milonga: ein         Tanzlokal.         Anita Speiser von der Tangoschule Freiburg legt f&uuml;r alle         Tanzbegeisterten         ihre sch&ouml;nsten Tango-Klassiker auf. H&ouml;ren-Schauen-Tanzen: diese         Tangonacht         kann lang werden.  <br /> Eintritt: Konzert und         Milonga         12/ &nbsp;10 &euro; , nur Milonga 6 / 5 &euro;) <br /> SWR-Kartenb&uuml;ro 0761         3808         35 333, BZ-Kartenservice und <a href="www.resevix.de">www.resevix.de</a></p>', 'camerata academica freiburg\r\nHéctor Urbon, Bandoneon\r\nGunnar Persicke, Leitung', '', '', '', '', '', '', '', '', '', '', '', '', '', '', '', '', '', '', '', '', '', '', '', '', '', '', '', '', '', '', '', '', '', '', '', '', '', '', '', '', '', '', '', '', '', '', '', '', '', '', '', '', '', '', '', 73, 2, 1409226774, 1409226774, 'claus', 'claus', 0, 0),
(463, 0, 1, 0, '<p><strong>camerata academica freiburg e.V. &nbsp; &nbsp;</strong></p>\r\n<p><strong><span style="font-weight: normal;">c/o Katharina Puff<br />Schlehenrain 19<br />79108 Freiburg<br /></span></strong></p>\r\n<p><span class="mailto"><strong>camerata-academica-freiburg@cafev.de</strong></span></p>\r\n<p><span class="mailto"><strong><a href="files/camerata_academica_freiburg_executive_board_camerata_academica_freiburg_e.v._camerata-academica-freiburg_cafev.de_0xd4e422a0_pub.asc" onclick="window.open(this.href); return false;" title="&Ouml;ffentlicher OpenPGP Schl&uuml;ssel -- Email Verschl&uuml;sselung">OpenPGP Pulic Key (Email-Verschl&uuml;sselung)</a><br /></strong></span></p>', '', '', '', '', '', '', '', '', '', '', '', '', '', '', '', '', '', '', '', '', '', '', '', '', '', '', '', '', '', '', '', '', '', '', '', '', '', '', '', '', '', '', '', '', '', '', '', '', '', '', '', '', '', '', '', '', '', '', '', '', '', 12, 1, 1402434566, 1402434566, 'claus', 'claus', 0, 0),
(467, 0, 1, 0, '17. August 2014, 11.30 Uhr ', 'Schumann & Schostakowitsch', 'Schumann, Klavierkonzert a-Moll op. 54\r\nSchostakowitsch, 5. Symphonie, d-Moll op.47', 'Kulturforum, Brixen 15. August 2014, 18.00 Uhr\r\nSteinhalle, Emmendingen 17. August 2014, 11.30 Uhr \r\nBenefizkonzerte\r\n\r\n\r\n', '<p><a href="redaxo://66" title="Proben Auvergne 2013">Probenplan, Konzerte.</a></p>', '<p><a href="redaxo://66" title="Proben Tango 2012/2013">Probenplan</a></p>\r\n<p><a href="files/suedtirol2014.pdf" title="Anmeldung S&uuml;dtirol 2014">Anmeldungsschreiben</a></p>', 'Michael Poliatskin, Klavier\r\ncamerata academica freiburg\r\nManuel Nawri - Leitung ', '', '', '', '', '', '', '', '', '', '', '', '', '', '', '', '', '', '', '', '', '', '', '', '', '', '', '', '', '', '', '', '', '', '', '', '', '', '', '', '', '', '', '', '', '', '', '', '', '', '', '', '', '', '', '', 65, 2, 1409226755, 1409226755, 'claus', 'claus', 0, 0),
(446, 0, 1, 0, 'Tango 2014 (28.3. & 09.05.2014)', '<h2><strong>Tango 28.03.2014<br />Benefizkonzert f&uuml;r "Freiburg miteinander"<br />Astor Piazzolla&nbsp;</strong></h2>\r\n<h3>Proben</h3>\r\n<ul>\r\n<li>Samstag, 08.03.2014 I 15-18 Uhr (Flugplatz, HS 082)</li>\r\n<li>Sonntag, 09.03.2014 I 10-13 und 15-18 Uhr&nbsp;(Flugplatz, HS 082)</li>\r\n<li>Freitag, 21.03.2014 I 19-22 Uhr&nbsp;(Flugplatz, HS 082)</li>\r\n<li>Samstag, 22.03.2014 I 15-18 Uhr&nbsp;(Flugplatz, HS 082)</li>\r\n<li>Freitag, 28.03.2014 I 18-19 Uhr Anspielprobe (Historisches Kaufhaus Freiburg, M&uuml;nsterplatz)<br /><strong>Freitag, 28.03.2014 I 20.15 Uhr Konzert Historisches Kaufhaus Freiburg</strong></li>\r\n<li>Samstag, 03.05.2014 I 10-13 und 15-18 Uhr&nbsp;(Flugplatz, HS 082)</li>\r\n<li>Donnerstag, 08.05.2014 I 19-21 Uhr Generalprobe im Schlossbergsaal / SWR-Studio Freiburg<br /><strong>Freitag, 09.05.2014 I 20 Uhr Konzert im Schlossbergsaal/SWR-Studio Freiburg &nbsp;</strong></li>\r\n<li> Die Proben finden teilweise wieder im gro&szlig;en H&ouml;rsaal am Flugplatz Geb&auml;ude 082 statt.</li>\r\n<li><a href="http://www.uni-freiburg.de/universitaet/kontakt-und-wegweiser/lageplaene/technischefakultaet">http://www.uni-freiburg.de/universitaet/kontakt-und-wegweiser/lageplaene/technischefakultaet</a></li>\r\n</ul>\r\n<h2></h2>', '', '', '', '', '', '', '', '', '', '', '', '', '', '', '', '', '', '', '', '', '', '', '', '', '', '', '', '', '', '', '', '', '', '', '', '', '', '', '', '', '', '', '', '', '', '', '', '', '', '', '', '', '', '', '', '', '', '', '', '', 74, 11, 1395885951, 1395885951, 'claus', 'claus', 0, 1),
(468, 0, 1, 0, '28. März 2014 - 20.15 Uhr ', 'Tango für "Freiburg Miteinander"', 'Piazzolla arrangiert von Héctor Urbon', '28.03.2014, 20.15 Uhr, Kaisersaal | Historisches Kaufhaus Freiburg\r\n\r\n', '<p><a href="redaxo://71" title="Proben Venedig 2013">Probenplan T</a>ango</p>', '<p>\r\n<style type="text/css"><!--\r\nP { margin-bottom: 0.21cm; direction: ltr; color: rgb(0, 0, 0); widows: 2; orphans: 2; }P.western { font-family: "Times New Roman",serif; font-size: 12pt; }P.cjk { font-family: "Times New Roman",serif; font-size: 12pt; }P.ctl { font-family: "Times New Roman",serif; font-size: 12pt; }A:link { color: rgb(0, 0, 255); }\r\n--></style>\r\n</p>\r\n<p lang="it-IT" style="margin-bottom: 0.49cm;"><span style="font-family: Arial,sans-serif;"><span style="font-size: large;">Tango orchestral </span></span></p>\r\n<p style="margin-top: 0.49cm; margin-bottom: 0.49cm;"><span style="font-family: Arial,sans-serif;"><strong>Die </strong></span><span style="font-family: Arial,sans-serif;"><em><strong>camerata academica freiburg e.V.</strong></em></span><span style="font-family: Arial,sans-serif;"><strong> und H&eacute;ctor Urb&oacute;n spielen Musik von Astor Piazzolla </strong></span></p>\r\n<p style="margin-top: 0.49cm; margin-bottom: 0.49cm;"><span style="font-family: Arial,sans-serif;">Meistens werden Tangos nur von einem kleinen Ensemble interpretiert. Beim Konzert der </span><span style="font-family: Arial,sans-serif;"><em>camerata academica freiburg </em></span><span style="font-family: Arial,sans-serif;">mit H&eacute;ctor Urb&oacute;n (Bandoneon) am Freitag, 28. M&auml;rz 2014 um 20.15 Uhr im Kaisersaal des Historischen Kaufhauses Freiburg wird die Musik von Astor Piazzolla dagegen von einem ganzen Streichorchester zum Leben erweckt (musikalische Leitung: Gunnar Persicke). Die Arrangements hat der in Buenos Aires geborene, in Kirchzarten lebende Bandoeonist dabei extra f&uuml;r das ambitionierte Freiburger Orchester geschrieben. "Ich habe dabei versucht, so einfach wie m&ouml;glich zu bleiben, um die Essenz der Musik von Astor Piazzolla nicht zu verfremden. Deswegen bevorzuge ich mehr das Wort Adaptation als Arrangement", sagt Urb&oacute;n. "Ich versuche dabei, die intime Sensibilit&auml;t des Tangos darzustellen, welche er selbst manchmal zu verstecken versucht."</span></p>\r\n<p style="margin-top: 0.49cm; margin-bottom: 0.49cm;"><span style="font-family: Arial,sans-serif;">Das Konzert ist ein Benefizkonzert f&uuml;r das Nachbarschaftswerk "Freiburg miteinander". Damit unterst&uuml;tzt das Orchester die professionelle Vermittlung und Begleitung von sozial benachteiligten Kindern in Patenschaften. Dar&uuml;ber hinaus finden im Nachbarschaftswerk Menschen unterschiedlicher Stadtteile, Generationen und Kulturen zusammen. Der Tango wird an diesem Abend zum Schrittmacher dieser Verbindung. </span></p>\r\n<p style="margin-top: 0.49cm; margin-bottom: 0.49cm;"><span style="font-family: Arial,sans-serif;"><em>Benefizkonzert der camerata academica freiburg mit H&eacute;ctor Urb&oacute;n (Bandoneon) f&uuml;r "Freiburg miteinander" (Leitung: Gunnar Persicke). </em></span><span style="font-family: Arial,sans-serif;"><span lang="it-IT"><em>Tangos von Astor Piazzolla. </em></span></span><span style="font-family: Arial,sans-serif;"><em>Freitag, 28. M&auml;rz 2014, Kaisersaal des Historische Kaufhauses Freiburg, 20.15 Uhr (Einlass: 19.30 Uhr). Eintritt frei, Spenden erbeten.</em></span></p>\r\n<p>&nbsp;</p>', 'camerata academica freiburg\r\nHéctor Urbon, Bandoneon\r\nGunnar Persicke, Leitung', '', '', '', '', '', '', '', '', '', '', '', '', '', '', '', '', '', '', '', '', '', '', '', '', '', '', '', '', '', '', '', '', '', '', '', '', '', '', '', '', '', '', '', '', '', '', '', '', '', '', '', '', '', '', '', 70, 2, 1409226766, 1409226766, 'claus', 'claus', 0, 0),
(444, 0, 1, 0, '09. Mai 2014 - 20.00 Uhr ', '„Bandoneon meets strings“ im SWR-Studio Freiburg', 'Piazzolla arrangiert von Héctor Urbon', '9.5.2014, 20:00 Uhr, SWR-Studio Freiburg | Schlossbergsaal ', '<p><a href="redaxo://71" title="Proben Tango 2014">Probenplan Tango</a></p>', '<h1>&bdquo;Bandoneon meets           strings&ldquo;</h1>\r\n<p>H&eacute;ctor           Urb&oacute;n spielt mit der camerata academica freiburg Tangos von Astor           Piazzolla  <br /> "Der Tango stellt die         Verbindung zu einer wirklichen oder ertr&auml;umten Vergangenheit         dar, die besser         war als die Gegenwart&ldquo;, sagt der in Buenos Aires geborene         Bandoneonist         H&eacute;ctor Urb&oacute;n. F&uuml;r das Orchester camerata academica freiburg hat         der in Kirchzarten lebende Argentinier Tangos von Astor         Piazzolla arrangiert.         Der Tristango trifft auf Adios nonino, die Fuga           y misterio auf die Milonga de angel. Das Bandoneon wird zum         Erz&auml;hler, das 20-k&ouml;pfige         Streichorchester zum Gef&uuml;hlsverst&auml;rker. Der raue, manchmal         klagende Klang         des Bandoneons wird vom weichen Ton der Streicher getragen.         Dirigiert wird         das Konzert von Gunnar Persicke, Stimmf&uuml;hrer der zweiten         Violinen beim         SWR-Sinfonieorchester.  <br /> Nach dem Konzert, ab         ca.         22 Uhr, verwandelt sich der Schlossbergsaal in eine Milonga: ein         Tanzlokal.         Anita Speiser von der Tangoschule Freiburg legt f&uuml;r alle         Tanzbegeisterten         ihre sch&ouml;nsten Tango-Klassiker auf. H&ouml;ren-Schauen-Tanzen: diese         Tangonacht         kann lang werden.  <br /> Eintritt: Konzert und         Milonga         12/ &nbsp;10 &euro; , nur Milonga 6 / 5 &euro;) <br /> SWR-Kartenb&uuml;ro 0761         3808         35 333, BZ-Kartenservice und <a href="www.resevix.de">www.resevix.de</a></p>', 'camerata academica freiburg\r\nHéctor Urbon, Bandoneon\r\nGunnar Persicke, Leitung', '', '', '', '', '', '', '', '', '', '', '', '', '', '', '', '', '', '', '', '', '', '', '', '', '', '', '', '', '', '', '', '', '', '', '', '', '', '', '', '', '', '', '', '', '', '', '', '', '', '', '', '', '', '', '', 73, 2, 1395885283, 1396365158, 'claus', 'claus', 0, 1),
(445, 0, 1, 0, 'Tango 2014 (28.3. & 09.05.2014)', '<h2><strong>Tango 28.03.2014<br />Benefizkonzert f&uuml;r "Freiburg miteinander"<br />Astor Piazzolla&nbsp;</strong></h2>\r\n<h3>Proben</h3>\r\n<ul>\r\n<li>Samstag, 08.03.2014 I 15-18 Uhr (Flugplatz, HS 082)</li>\r\n<li>Sonntag, 09.03.2014 I 10-13 und 15-18 Uhr&nbsp;(Flugplatz, HS 082)</li>\r\n<li>Freitag, 21.03.2014 I 19-22 Uhr&nbsp;(Flugplatz, HS 082)</li>\r\n<li>Samstag, 22.03.2014 I 15-18 Uhr&nbsp;(Flugplatz, HS 082)</li>\r\n<li>Freitag, 28.03.2014 I 18-19 Uhr Anspielprobe (Historisches Kaufhaus Freiburg, M&uuml;nsterplatz)<br /><strong>Freitag, 28.03.2014 I 20.15 Uhr Konzert Historisches Kaufhaus Freiburg</strong></li>\r\n<li>Samstag, 03.05.2014 I 10-13 und 15-18 Uhr&nbsp;(Flugplatz, HS 082)</li>\r\n<li>Donnerstag, 08.05.2014 I 19-21 Uhr Generalprobe im Schlossbergsaal / SWR-Studio Freiburg<br /><strong>Freitag, 09.05.2014 I 20 Uhr Konzert im Schlossbergsaal/SWR-Studio Freiburg &nbsp;</strong></li>\r\n<li> Die Proben finden teilweise wieder im gro&szlig;en H&ouml;rsaal am Flugplatz Geb&auml;ude 082 statt.</li>\r\n<li><a href="http://www.uni-freiburg.de/universitaet/kontakt-und-wegweiser/lageplaene/technischefakultaet">http://www.uni-freiburg.de/universitaet/kontakt-und-wegweiser/lageplaene/technischefakultaet</a></li>\r\n</ul>\r\n<h2></h2>', '', '', '', '', '', '', '', '', '', '', '', '', '', '', '', '', '', '', '', '', '', '', '', '', '', '', '', '', '', '', '', '', '', '', '', '', '', '', '', '', '', '', '', '', '', '', '', '', '', '', '', '', '', '', '', '', '', '', '', '', 74, 11, 1395885916, 1395885916, 'claus', 'claus', 0, 0);

-- --------------------------------------------------------

--
-- Tabellenstruktur für Tabelle `rex_clang`
--

CREATE TABLE IF NOT EXISTS `rex_clang` (
  `id` int(11) NOT NULL,
  `name` varchar(255) NOT NULL,
  `revision` int(11) NOT NULL,
  PRIMARY KEY (`id`)
) ENGINE=MyISAM DEFAULT CHARSET=utf8;

--
-- Daten für Tabelle `rex_clang`
--

INSERT INTO `rex_clang` (`id`, `name`, `revision`) VALUES
(0, 'deutsch', 0);

-- --------------------------------------------------------

--
-- Tabellenstruktur für Tabelle `rex_file`
--

CREATE TABLE IF NOT EXISTS `rex_file` (
  `file_id` int(11) NOT NULL AUTO_INCREMENT,
  `re_file_id` int(11) NOT NULL,
  `category_id` int(11) NOT NULL,
  `attributes` text,
  `filetype` varchar(255) DEFAULT NULL,
  `filename` varchar(255) DEFAULT NULL,
  `originalname` varchar(255) DEFAULT NULL,
  `filesize` varchar(255) DEFAULT NULL,
  `width` int(11) DEFAULT NULL,
  `height` int(11) DEFAULT NULL,
  `title` varchar(255) DEFAULT NULL,
  `createdate` int(11) NOT NULL,
  `updatedate` int(11) NOT NULL,
  `createuser` varchar(255) NOT NULL,
  `updateuser` varchar(255) NOT NULL,
  `revision` int(11) NOT NULL,
  `med_description` text,
  `med_copyright` text,
  PRIMARY KEY (`file_id`)
) ENGINE=MyISAM  DEFAULT CHARSET=utf8 AUTO_INCREMENT=170 ;

--
-- Daten für Tabelle `rex_file`
--

INSERT INTO `rex_file` (`file_id`, `re_file_id`, `category_id`, `attributes`, `filetype`, `filename`, `originalname`, `filesize`, `width`, `height`, `title`, `createdate`, `updatedate`, `createuser`, `updateuser`, `revision`, `med_description`, `med_copyright`) VALUES
(1, 0, 1, '', 'image/jpeg', 'matthias-brandis.jpg', 'matthias-brandis.jpg', '20635', 250, 350, 'Professor Dr. Dr. h.c. Matthias Brandis', 1258985807, 1258985807, 'admin', 'admin', 0, '', ''),
(2, 0, 1, '', 'image/jpeg', 'manuel-nawri.jpg', 'manuel-nawri.jpg', '17721', 250, 376, 'Manuel Nawri', 1258986154, 1259672598, 'admin', 'admin', 0, '', ''),
(3, 0, 1, '', 'image/jpeg', 'dummy_konzertbild.jpg', 'dummy_konzertbild.jpg', '3961', 270, 204, 'Dummy Konzert Bild ', 1259068125, 1259068125, 'admin', 'admin', 0, '', ''),
(4, 0, 1, '', 'image/gif', 'freiburger-aerzte-consultin.gif', 'freiburger-aerzte-consultin.gif', '3903', 275, 120, 'Sponsoren: Freiburger Ärzte', 1259161170, 1259161170, 'admin', 'admin', 0, '', ''),
(5, 0, 1, '', 'image/gif', 'colombi-hotel.gif', 'colombi-hotel.gif', '4383', 275, 162, 'Colombi Hotel', 1259161184, 1259161184, 'admin', 'admin', 0, '', ''),
(6, 0, 1, '', 'image/gif', 'sparkasse-freiburg.gif', 'sparkasse-freiburg.gif', '3034', 275, 73, 'Sponsoren: Sparkasse', 1259161196, 1259161196, 'admin', 'admin', 0, '', ''),
(7, 0, 2, '', 'image/jpeg', 'schubert-brahms-cd.jpg', 'schubert-brahms-cd.jpg', '14379', 200, 200, 'CD Cover: Franz Schubert, Johannes Brahms', 1259161974, 1259161974, 'admin', 'admin', 0, '', ''),
(8, 0, 2, '', 'image/jpeg', 'requiem-cd.jpg', 'requiem-cd.jpg', '16882', 200, 200, 'CD Cover: Requiem', 1259161989, 1259161989, 'admin', 'admin', 0, '', ''),
(9, 0, 2, '', 'image/jpeg', 'stabat-mater-cd.jpg', 'stabat-mater-cd.jpg', '16485', 200, 213, 'CD Cover: Stabat Mater', 1259162018, 1259162018, 'admin', 'admin', 0, '', ''),
(10, 0, 3, NULL, 'application/pdf', 'camerata-academica-freiburg-english.pdf', 'Camerata-Academica-Freiburg-English.pdf', '14554', NULL, NULL, 'Camerata Academica Freiburg (English About-Us)', 1259589953, 1259589953, 'admin', 'admin', 0, '', ''),
(11, 0, 5, NULL, 'image/jpeg', 'auvergne_2010_01.jpg', 'Auvergne 2010_01.jpg', '73435', 640, 480, 'Bildergalerie: Auvergne 2010 - 01', 1259669564, 1259669564, 'admin', 'admin', 0, '', ''),
(12, 0, 5, NULL, 'image/jpeg', 'auvergne_2010_02.jpg', 'Auvergne 2010_02.jpg', '58335', 640, 480, 'Bildergalerie: Auvergne 2010 - 02', 1259669578, 1259669578, 'admin', 'admin', 0, '', ''),
(13, 0, 5, NULL, 'image/jpeg', 'auvergne_2010_03.jpg', 'Auvergne 2010_03.jpg', '60620', 640, 480, 'Bildergalerie: Auvergne 2010 - 03', 1259669588, 1259669588, 'admin', 'admin', 0, '', ''),
(14, 0, 5, NULL, 'image/jpeg', 'auvergne_2010_04.jpg', 'Auvergne 2010_04.jpg', '85613', 480, 640, 'Bildergalerie: Auvergne 2010 - 04', 1259669601, 1259669601, 'admin', 'admin', 0, '', ''),
(15, 0, 5, NULL, 'image/jpeg', 'auvergne_2010_05.jpg', 'Auvergne 2010_05.jpg', '81907', 640, 480, 'Bildergalerie: Auvergne 2010 - 05', 1259669611, 1259669611, 'admin', 'admin', 0, '', ''),
(16, 0, 5, NULL, 'image/jpeg', 'auvergne_2010_06.jpg', 'Auvergne 2010_06.jpg', '96556', 480, 640, 'Bildergalerie: Auvergne 2010 - 06', 1259669621, 1259669621, 'admin', 'admin', 0, '', ''),
(17, 0, 5, NULL, 'image/jpeg', 'auvergne_2010_07.jpg', 'Auvergne 2010_07.jpg', '80903', 640, 480, 'Bildergalerie: Auvergne 2010 - 07', 1259669630, 1259669630, 'admin', 'admin', 0, '', ''),
(18, 0, 5, NULL, 'image/jpeg', 'auvergne_2010_08.jpg', 'Auvergne 2010_08.jpg', '97482', 640, 480, 'Bildergalerie: Auvergne 2010 - 08', 1259669640, 1259669640, 'admin', 'admin', 0, '', ''),
(19, 0, 5, NULL, 'image/jpeg', 'auvergne_2010_09.jpg', 'Auvergne 2010_09.jpg', '92119', 640, 480, 'Bildergalerie: Auvergne 2010 - 09', 1259669649, 1259669649, 'admin', 'admin', 0, '', ''),
(20, 0, 5, NULL, 'image/jpeg', 'auvergne_2010_10.jpg', 'Auvergne 2010_10.jpg', '97061', 640, 480, 'Bildergalerie: Auvergne 2010 - 10', 1259669659, 1259669659, 'admin', 'admin', 0, '', ''),
(21, 0, 6, NULL, 'text/x-js', 'ajs.js', 'ajs.js', '10396', NULL, NULL, 'GB-Lightbox - ajs.js', 1259670226, 1259670226, 'admin', 'admin', 0, '', ''),
(22, 0, 6, NULL, 'text/x-js', 'ajs_fx.js', 'ajs_fx.js', '3192', NULL, NULL, 'GB-Lightbox - ajs_fx.js', 1259670263, 1259670263, 'admin', 'admin', 0, '', ''),
(23, 0, 6, NULL, 'image/gif', 'g_close.gif', 'g_close.gif', '541', 25, 30, 'GB-Lightbox - g_close.gif', 1259670284, 1259670284, 'admin', 'admin', 0, '', ''),
(24, 0, 6, NULL, 'text/x-js', 'gb_scripts.js', 'gb_scripts.js', '11908', NULL, NULL, 'GB-Lightbox - gb_scripts.js', 1259670305, 1259670305, 'admin', 'admin', 0, '', ''),
(25, 0, 6, NULL, 'text/css', 'gb_styles.css', 'gb_styles.css', '2540', NULL, NULL, 'GB-Lightbox - gb_styles.css', 1259670320, 1259670320, 'admin', 'admin', 0, '', ''),
(26, 0, 6, NULL, 'image/gif', 'indicator.gif', 'indicator.gif', '8238', 100, 100, 'GB-Lightbox - indicator.gif', 1259670337, 1259670337, 'admin', 'admin', 0, '', ''),
(27, 0, 6, NULL, 'text/html', 'loader_frame.html', 'loader_frame.html', '2084', NULL, NULL, 'GB-Lightbox - loader_frame.html', 1259670357, 1259670357, 'admin', 'admin', 0, '', ''),
(28, 0, 6, NULL, 'image/gif', 'next.gif', 'next.gif', '528', 25, 30, 'GB-Lightbox - next.gif', 1259670381, 1259670381, 'admin', 'admin', 0, '', ''),
(29, 0, 6, NULL, 'image/gif', 'prev.gif', 'prev.gif', '525', 25, 30, 'GB-Lightbox - prev.gif', 1259670396, 1259670396, 'admin', 'admin', 0, '', ''),
(30, 0, 6, NULL, 'image/gif', 'w_close.gif', 'w_close.gif', '74', 11, 11, 'GB-Lightbox - w_close.gif', 1259670408, 1259670408, 'admin', 'admin', 0, '', ''),
(31, 0, 5, NULL, 'image/jpeg', 'auvergne_2010_11.jpg', 'Auvergne 2010_11.jpg', '74803', 640, 480, 'Bildergalerie: Auvergne 2010 - 11', 1259670515, 1259670515, 'admin', 'admin', 0, '', ''),
(32, 0, 5, NULL, 'image/jpeg', 'auvergne_2010_12.jpg', 'Auvergne 2010_12.jpg', '101196', 640, 480, 'Bildergalerie: Auvergne 2010 - 12', 1259670527, 1259670527, 'admin', 'admin', 0, '', ''),
(33, 0, 5, NULL, 'image/jpeg', 'auvergne_2010_13.jpg', 'Auvergne 2010_13.jpg', '100652', 640, 480, 'Bildergalerie: Auvergne 2010 - 13', 1259670537, 1259670537, 'admin', 'admin', 0, '', ''),
(34, 0, 5, NULL, 'image/jpeg', 'auvergne_2010_14.jpg', 'Auvergne 2010_14.jpg', '96522', 640, 480, 'Bildergalerie: Auvergne 2010 - 14', 1259670546, 1259670546, 'admin', 'admin', 0, '', ''),
(35, 0, 5, NULL, 'image/jpeg', 'auvergne_2010_15.jpg', 'Auvergne 2010_15.jpg', '81647', 640, 480, 'Bildergalerie: Auvergne 2010 - 15', 1259670554, 1259670554, 'admin', 'admin', 0, '', ''),
(36, 0, 5, NULL, 'image/jpeg', 'auvergne_2010_16.jpg', 'Auvergne 2010_16.jpg', '70833', 640, 480, 'Bildergalerie: Auvergne 2010 - 16', 1259670563, 1259670563, 'admin', 'admin', 0, '', ''),
(37, 0, 5, NULL, 'image/jpeg', 'auvergne_2010_17.jpg', 'Auvergne 2010_17.jpg', '50059', 640, 480, 'Bildergalerie: Auvergne 2010 - 17', 1259670572, 1259670572, 'admin', 'admin', 0, '', ''),
(38, 0, 5, NULL, 'image/jpeg', 'auvergne_2010_18.jpg', 'Auvergne 2010_18.jpg', '95538', 640, 480, 'Bildergalerie: Auvergne 2010 - 18', 1259670581, 1259670581, 'admin', 'admin', 0, '', ''),
(39, 0, 5, NULL, 'image/jpeg', 'auvergne_2010_19.jpg', 'Auvergne 2010_19.jpg', '94058', 480, 640, 'Bildergalerie: Auvergne 2010 - 19', 1259670589, 1259670589, 'admin', 'admin', 0, '', ''),
(40, 0, 5, NULL, 'image/jpeg', 'auvergne_2010_20.jpg', 'Auvergne 2010_20.jpg', '106800', 640, 480, 'Bildergalerie: Auvergne 2010 - 20', 1259670601, 1259670601, 'admin', 'admin', 0, '', ''),
(41, 0, 5, NULL, 'image/jpeg', 'auvergne_2010_21.jpg', 'Auvergne 2010_21.jpg', '104995', 640, 480, 'Bildergalerie: Auvergne 2010 - 21', 1259670610, 1259670610, 'admin', 'admin', 0, '', ''),
(42, 0, 5, NULL, 'image/jpeg', 'auvergne_2010_22.jpg', 'Auvergne 2010_22.jpg', '104497', 480, 640, 'Bildergalerie: Auvergne 2010 - 22', 1259670622, 1259670622, 'admin', 'admin', 0, '', ''),
(43, 0, 5, NULL, 'image/jpeg', 'auvergne_2010_23.jpg', 'Auvergne 2010_23.jpg', '57750', 640, 480, 'Bildergalerie: Auvergne 2010 - 23', 1259670633, 1259670633, 'admin', 'admin', 0, '', ''),
(44, 0, 5, NULL, 'image/jpeg', 'auvergne_2010_24.jpg', 'Auvergne 2010_24.jpg', '41618', 640, 480, 'Bildergalerie: Auvergne 2010 - 24', 1259670642, 1259670642, 'admin', 'admin', 0, '', ''),
(45, 0, 5, NULL, 'image/jpeg', 'auvergne_2010_25.jpg', 'Auvergne 2010_25.jpg', '45150', 640, 480, 'Bildergalerie: Auvergne 2010 - 25', 1259670651, 1259670651, 'admin', 'admin', 0, '', ''),
(46, 0, 5, NULL, 'image/jpeg', 'auvergne_2010_26.jpg', 'Auvergne 2010_26.jpg', '40600', 480, 640, 'Bildergalerie: Auvergne 2010 - 26', 1259670659, 1259670659, 'admin', 'admin', 0, '', ''),
(47, 0, 5, NULL, 'image/jpeg', 'auvergne_2010_27.jpg', 'Auvergne 2010_27.jpg', '32519', 480, 640, 'Bildergalerie: Auvergne 2010 - 27', 1259670668, 1259670668, 'admin', 'admin', 0, '', ''),
(48, 0, 5, NULL, 'image/jpeg', 'auvergne_2010_28.jpg', 'Auvergne 2010_28.jpg', '34948', 640, 480, 'Bildergalerie: Auvergne 2010 - 28', 1259670676, 1259670676, 'admin', 'admin', 0, '', ''),
(49, 0, 5, NULL, 'image/jpeg', 'auvergne_2010_29.jpg', 'Auvergne 2010_29.jpg', '36867', 640, 480, 'Bildergalerie: Auvergne 2010 - 29', 1259670686, 1259670686, 'admin', 'admin', 0, '', ''),
(50, 0, 5, NULL, 'image/jpeg', 'auvergne_2010_30.jpg', 'Auvergne 2010_30.jpg', '41089', 480, 640, 'Bildergalerie: Auvergne 2010 - 30', 1259670694, 1259670694, 'admin', 'admin', 0, '', ''),
(51, 0, 5, NULL, 'image/jpeg', 'auvergne_2010_31.jpg', 'Auvergne 2010_31.jpg', '41052', 480, 640, 'Bildergalerie: Auvergne 2010 - 31', 1259670703, 1259670703, 'admin', 'admin', 0, '', ''),
(52, 0, 5, NULL, 'image/jpeg', 'auvergne_2010_32.jpg', 'Auvergne 2010_32.jpg', '40641', 480, 640, 'Bildergalerie: Auvergne 2010 - 32', 1259670711, 1259670711, 'admin', 'admin', 0, '', ''),
(53, 0, 5, NULL, 'image/jpeg', 'auvergne_2010_33.jpg', 'Auvergne 2010_33.jpg', '31113', 640, 480, 'Bildergalerie: Auvergne 2010 - 33', 1259670720, 1259670720, 'admin', 'admin', 0, '', ''),
(54, 0, 5, NULL, 'image/jpeg', 'auvergne_2010_34.jpg', 'Auvergne 2010_34.jpg', '40528', 640, 480, 'Bildergalerie: Auvergne 2010 - 34', 1259670728, 1259670728, 'admin', 'admin', 0, '', ''),
(55, 0, 5, NULL, 'image/jpeg', 'auvergne_2010_35.jpg', 'Auvergne 2010_35.jpg', '28494', 480, 640, 'Bildergalerie: Auvergne 2010 - 35', 1259670737, 1259670737, 'admin', 'admin', 0, '', ''),
(56, 0, 5, NULL, 'image/jpeg', 'auvergne_2010_36.jpg', 'Auvergne 2010_36.jpg', '40849', 480, 640, 'Bildergalerie: Auvergne 2010 - 36', 1259670747, 1259670747, 'admin', 'admin', 0, '', ''),
(57, 0, 5, NULL, 'image/jpeg', 'auvergne_2010_37.jpg', 'Auvergne 2010_37.jpg', '55626', 640, 480, 'Bildergalerie: Auvergne 2010 - 37', 1259670756, 1259670756, 'admin', 'admin', 0, '', ''),
(58, 0, 5, NULL, 'image/jpeg', 'auvergne_2010_38.jpg', 'Auvergne 2010_38.jpg', '51067', 640, 480, 'Bildergalerie: Auvergne 2010 - 38', 1259670766, 1259670766, 'admin', 'admin', 0, '', ''),
(59, 0, 5, NULL, 'image/jpeg', 'auvergne_2010_39.jpg', 'Auvergne 2010_39.jpg', '48246', 640, 480, 'Bildergalerie: Auvergne 2010 - 39', 1259670775, 1259670775, 'admin', 'admin', 0, '', ''),
(60, 0, 5, NULL, 'image/jpeg', 'auvergne_2010_40.jpg', 'Auvergne 2010_40.jpg', '48636', 640, 480, 'Bildergalerie: Auvergne 2010 - 40', 1259670784, 1259670784, 'admin', 'admin', 0, '', ''),
(61, 0, 5, NULL, 'image/jpeg', 'auvergne_2010_41.jpg', 'Auvergne 2010_41.jpg', '42774', 480, 640, 'Bildergalerie: Auvergne 2010 - 41', 1259670798, 1259670798, 'admin', 'admin', 0, '', ''),
(62, 0, 5, NULL, 'image/jpeg', 'auvergne_2010_42.jpg', 'Auvergne 2010_42.jpg', '61295', 640, 480, 'Bildergalerie: Auvergne 2010 - 42', 1259670808, 1259670808, 'admin', 'admin', 0, '', ''),
(63, 0, 5, NULL, 'image/jpeg', 'auvergne_2010_43.jpg', 'Auvergne 2010_43.jpg', '45294', 480, 640, 'Bildergalerie: Auvergne 2010 - 43', 1259670821, 1259670821, 'admin', 'admin', 0, '', ''),
(64, 0, 5, NULL, 'image/jpeg', 'auvergne_2010_44.jpg', 'Auvergne 2010_44.jpg', '86787', 640, 480, 'Bildergalerie: Auvergne 2010 - 44', 1259670832, 1259670832, 'admin', 'admin', 0, '', ''),
(65, 0, 5, NULL, 'image/jpeg', 'auvergne_2010_45.jpg', 'Auvergne 2010_45.jpg', '103482', 640, 480, 'Bildergalerie: Auvergne 2010 - 45', 1259670843, 1259670843, 'admin', 'admin', 0, '', ''),
(66, 0, 5, NULL, 'image/jpeg', 'auvergne_2010_46.jpg', 'Auvergne 2010_46.jpg', '105618', 480, 640, 'Bildergalerie: Auvergne 2010 - 46', 1259670854, 1259670854, 'admin', 'admin', 0, '', ''),
(67, 0, 6, NULL, 'image/gif', 'mitglied-stoerer.gif', 'mitglied-stoerer.gif', '11044', 102, 250, 'Störer Startseite', 1259676415, 1259833062, 'admin', 'admin', 0, '', ''),
(68, 0, 1, NULL, 'image/jpeg', 'spende_foto_brandis.jpg', 'spende_foto_brandis.jpg', '60786', 600, 393, 'Spendenaktion: Foto Brandis', 1259676971, 1259676971, 'admin', 'admin', 0, '', ''),
(69, 0, 1, NULL, 'image/jpeg', 'spende_korinthenberg.jpg', 'spende_korinthenberg.jpg', '65618', 600, 393, 'Spendenaktion: Foto Korinthenberg', 1259676992, 1259676992, 'admin', 'admin', 0, '', ''),
(70, 0, 1, NULL, 'image/jpeg', 'spende_uebergabe_brisbane.jpg', 'spende_uebergabe_brisbane.jpg', '67686', 600, 385, 'Spendenaktion: Foto Brisbane', 1259677023, 1259677320, 'admin', 'admin', 0, '', ''),
(71, 0, 1, NULL, 'image/jpeg', 'spende_tango_2006.jpg', 'spende_tango_2006.jpg', '222251', 600, 385, 'Spendenaktion: Foto Tango 2006', 1259677039, 1259677039, 'admin', 'admin', 0, '', ''),
(72, 0, 0, NULL, 'image/jpeg', 'kathi_1.jpg', 'Kathi 1.jpg', '2626', 180, 270, 'Katharina Persicke', 1259690070, 1259690070, 'Götz', 'Götz', 0, '', ''),
(74, 0, 0, NULL, 'image/jpeg', 'ruth_sandhoff_1.jpg', 'ruth sandhoff.jpg', '15330', 180, 251, '', 1259949363, 1259949363, 'Götz', 'Götz', 0, '', ''),
(75, 0, 4, NULL, 'image/jpeg', 'galerie_teaser_auvergne_2010.jpg', 'galerie_teaser_auvergne_2010.jpg', '17317', 260, 194, 'Bildergalerieteaser Auvergne 2010', 1260283387, 1260283387, 'admin', 'admin', 0, '', ''),
(105, 0, 7, NULL, '', '01_weihnachtskonzert_2009.mp3', '01_Weihnachtskonzert_2009.mp3', '3582128', NULL, NULL, '', 1260377160, 1260377160, 'admin', 'admin', 0, '', ''),
(110, 0, 7, NULL, 'image/jpeg', 'cd_cover_weihnachtskonzert_2009_klein.jpeg', 'CD Cover Weihnachtskonzert 2009_klein.jpeg', '230522', 600, 536, '', 1260400355, 1260400355, 'admin', 'admin', 0, '', ''),
(91, 0, 7, NULL, '', '14_weihnachtskonzert_2009.mp3', '14_Weihnachtskonzert_2009.mp3', '3449216', NULL, NULL, '', 1260376252, 1260376361, 'admin', 'admin', 0, '', ''),
(107, 0, 7, NULL, '', '13_weihnachtskonzert_2009.mp3', '13_Weihnachtskonzert_2009.mp3', '11342870', NULL, NULL, '', 1260378612, 1260378612, 'admin', 'admin', 0, '', ''),
(93, 0, 7, NULL, '', '09_weihnachtskonzert_2009.mp3', '09_Weihnachtskonzert_2009.mp3', '3858139', NULL, NULL, '', 1260376253, 1260376361, 'admin', 'admin', 0, '', ''),
(94, 0, 7, NULL, '', '07_weihnachtskonzert_2009.mp3', '07_Weihnachtskonzert_2009.mp3', '7857137', NULL, NULL, '', 1260376253, 1260376361, 'admin', 'admin', 0, '', ''),
(95, 0, 7, NULL, '', '05_weihnachtskonzert_2009.mp3', '05_Weihnachtskonzert_2009.mp3', '10493598', NULL, NULL, '', 1260376253, 1260376361, 'admin', 'admin', 0, '', ''),
(96, 0, 7, NULL, '', '03_weihnachtskonzert_2009.mp3', '03_Weihnachtskonzert_2009.mp3', '3771106', NULL, NULL, '', 1260376253, 1260376361, 'admin', 'admin', 0, '', ''),
(109, 0, 7, NULL, '', '15_weihnachtskonzert_2009.mp3', '15_Weihnachtskonzert_2009.mp3', '6453623', NULL, NULL, '', 1260399645, 1260399645, 'admin', 'admin', 0, '', ''),
(98, 0, 7, NULL, '', '12_weihnachtskonzert_2009.mp3', '12_Weihnachtskonzert_2009.mp3', '11154798', NULL, NULL, '', 1260376278, 1260376361, 'admin', 'admin', 0, '', ''),
(99, 0, 7, NULL, '', '11_weihnachtskonzert_2009.mp3', '11_Weihnachtskonzert_2009.mp3', '4510081', NULL, NULL, '', 1260376278, 1260376361, 'admin', 'admin', 0, '', ''),
(100, 0, 7, NULL, '', '10_weihnachtskonzert_2009.mp3', '10_Weihnachtskonzert_2009.mp3', '5366140', NULL, NULL, '', 1260376278, 1260376361, 'admin', 'admin', 0, '', ''),
(101, 0, 7, NULL, '', '08_weihnachtskonzert_2009.mp3', '08_Weihnachtskonzert_2009.mp3', '5794129', NULL, NULL, '', 1260376278, 1260376361, 'admin', 'admin', 0, '', ''),
(102, 0, 7, NULL, '', '06_weihnachtskonzert_2009.mp3', '06_Weihnachtskonzert_2009.mp3', '6729416', NULL, NULL, '', 1260376278, 1260376361, 'admin', 'admin', 0, '', ''),
(103, 0, 7, NULL, '', '04_weihnachtskonzert_2009.mp3', '04_Weihnachtskonzert_2009.mp3', '5340127', NULL, NULL, '', 1260376278, 1260376361, 'admin', 'admin', 0, '', ''),
(144, 0, 11, NULL, 'audio/mpeg', '02_spur_2.mp3', '02 Spur 2.mp3', '5043925', NULL, NULL, 'Mendelssohn "Wie der Hirsch schreit"', 1274960730, 1275343509, 'Katharina', 'Katharina', 0, '1.', ''),
(88, 0, 6, NULL, '', '_readme.txt', '_readme.txt', '42', NULL, NULL, '', 1260359666, 1260359666, 'admin', 'admin', 0, '', ''),
(104, 0, 7, NULL, '', '02_weihnachtskonzert_2009.mp3', '02_Weihnachtskonzert_2009.mp3', '5427959', NULL, NULL, '', 1260376278, 1260376361, 'admin', 'admin', 0, '', ''),
(111, 0, 0, NULL, 'image/jpeg', 'michael_poliatskin.jpg', 'Michael_Poliatskin.jpg', '334230', 503, 668, '', 1260537179, 1260537179, 'admin', 'admin', 0, '', ''),
(113, 0, 0, NULL, 'application/pdf', 'anmeldung_caf_frankreich_2010.pdf', 'Anmeldung caf Frankreich 2010.pdf', '69813', NULL, NULL, '', 1260544030, 1260544030, 'admin', 'admin', 0, '', ''),
(142, 0, 3, NULL, 'audio/mpeg', '01_spur_1.mp3', '01 Spur 1.mp3', '7651009', NULL, NULL, 'Fauré, Mendelssohn, Poulenc', 1274951211, 1274951211, 'Katharina', 'Katharina', 0, 'Werke zum Anhören bzgl. des Juni Chor Projektes 2010', ''),
(143, 0, 11, NULL, 'audio/mpeg', '01_spur_1_1.mp3', '01 Spur 1.mp3', '7651009', NULL, NULL, 'Ave Maria - Mendelssohn', 1274960632, 1274960632, 'Katharina', 'Katharina', 0, '', ''),
(117, 0, 0, NULL, 'image/jpeg', 'burgund.jpeg', 'Burgund.jpeg', '99167', 320, 240, '', 1260638290, 1260638290, 'admin', 'admin', 0, '', ''),
(135, 0, 8, NULL, '', '05_sinfoniekonzert_2007.mp3', '05_Sinfoniekonzert 2007.mp3', '1689353', NULL, NULL, '', 1261053315, 1261053315, 'admin', 'admin', 0, '', ''),
(134, 0, 8, NULL, '', '06_sinfoniekonzert_2007.mp3', '06_Sinfoniekonzert 2007.mp3', '1378429', NULL, NULL, '', 1261053315, 1261053315, 'admin', 'admin', 0, '', ''),
(120, 0, 9, NULL, '', '09_sinfoniekonzert_2009.m4a', '09_Sinfoniekonzert_2009.m4a', '13541021', NULL, NULL, '', 1260657389, 1260657492, 'admin', 'admin', 0, '', ''),
(121, 0, 9, NULL, '', '03_sinfoniekonzert_2009.m4a', '03_Sinfoniekonzert_2009.m4a', '15728327', NULL, NULL, '', 1260657389, 1260657492, 'admin', 'admin', 0, '', ''),
(122, 0, 9, NULL, '', '10_sinfoniekonzert_2009.m4a', '10_Sinfoniekonzert_2009.m4a', '28393361', NULL, NULL, '', 1260657389, 1260657492, 'admin', 'admin', 0, '', ''),
(123, 0, 9, NULL, '', '05_sinfoniekonzert_2009.m4a', '05_Sinfoniekonzert_2009.m4a', '4100061', NULL, NULL, '', 1260657389, 1260657492, 'admin', 'admin', 0, '', ''),
(124, 0, 9, NULL, '', '07_sinfoniekonzert_2009.m4a', '07_Sinfoniekonzert_2009.m4a', '41364691', NULL, NULL, '', 1260657389, 1260657492, 'admin', 'admin', 0, '', ''),
(125, 0, 9, NULL, '', '02_sinfoniekonzert_2009.m4a', '02_Sinfoniekonzert_2009.m4a', '21788397', NULL, NULL, '', 1260657389, 1260657492, 'admin', 'admin', 0, '', ''),
(126, 0, 9, NULL, '', '04_sinfoniekonzert_2009.m4a', '04_Sinfoniekonzert_2009.m4a', '20137484', NULL, NULL, '', 1260657389, 1260657492, 'admin', 'admin', 0, '', ''),
(127, 0, 9, NULL, '', '01_sinfoniekonzert_2009.m4a', '01_Sinfoniekonzert_2009.m4a', '12210486', NULL, NULL, '', 1260657390, 1260657492, 'admin', 'admin', 0, '', ''),
(128, 0, 9, NULL, '', '08_sinfoniekonzert_2009.m4a', '08_Sinfoniekonzert_2009.m4a', '35867599', NULL, NULL, '', 1260657390, 1260657492, 'admin', 'admin', 0, '', ''),
(129, 0, 9, NULL, '', '06_sinfoniekonzert_2009.m4a', '06_Sinfoniekonzert_2009.m4a', '16471949', NULL, NULL, '', 1260657390, 1260657492, 'admin', 'admin', 0, '', ''),
(138, 0, 8, NULL, '', '02_sinfoniekonzert_2007.mp3', '02_Sinfoniekonzert 2007.mp3', '1345777', NULL, NULL, '', 1261053315, 1261053315, 'admin', 'admin', 0, '', ''),
(137, 0, 8, NULL, '', '03_sinfoniekonzert_2007.mp3', '03_Sinfoniekonzert 2007.mp3', '1352475', NULL, NULL, '', 1261053315, 1261053315, 'admin', 'admin', 0, '', ''),
(136, 0, 8, NULL, '', '04_sinfoniekonzert_2007.mp3', '04_Sinfoniekonzert 2007.mp3', '1540547', NULL, NULL, '', 1261053315, 1261053315, 'admin', 'admin', 0, '', ''),
(139, 0, 8, NULL, '', '01_sinfoniekonzert_2007.mp3', '01_Sinfoniekonzert 2007.mp3', '1478686', NULL, NULL, '', 1261053315, 1261053315, 'admin', 'admin', 0, '', ''),
(140, 0, 6, NULL, 'image/gif', 'mitglied_stoerer_2.gif', 'mitglied_stoerer_2.gif', '4329', 69, 168, 'Störer Unterseite', 1261065076, 1261065076, 'admin', 'admin', 0, '', ''),
(145, 0, 11, NULL, 'audio/mpeg', '03_spur_3.mp3', '03 Spur 3.mp3', '2216665', NULL, NULL, 'Mendelssohn "Wie der Hirsch schreit"', 1274960774, 1274960774, 'Katharina', 'Katharina', 0, '2', ''),
(146, 0, 11, NULL, 'audio/mpeg', '04_spur_4.mp3', '04 Spur 4.mp3', '2699134', NULL, NULL, 'Mendelssohn "Wie der Hirsch schreit"', 1274960799, 1274960799, 'Katharina', 'Katharina', 0, '3', ''),
(147, 0, 11, NULL, 'audio/mpeg', '05_spur_5.mp3', '05 Spur 5.mp3', '1716682', NULL, NULL, 'Mendelssohn "Wie der Hirsch schreit"', 1274960813, 1274960813, 'Katharina', 'Katharina', 0, '', ''),
(148, 0, 11, NULL, 'audio/mpeg', '06_spur_6.mp3', '06 Spur 6.mp3', '1360147', NULL, NULL, 'Mendelssohn "Wie der Hirsch schreit"', 1274960833, 1274960833, 'Katharina', 'Katharina', 0, '', ''),
(149, 0, 11, NULL, 'audio/mpeg', '07_spur_7.mp3', '07 Spur 7.mp3', '3467665', NULL, NULL, 'Mendelssohn "Wie der Hirsch schreit"', 1274960856, 1274960856, 'Katharina', 'Katharina', 0, '', ''),
(150, 0, 11, NULL, 'audio/mpeg', '08_spur_8.mp3', '08 Spur 8.mp3', '4198666', NULL, NULL, 'Mendelssohn "Wie der Hirsch schreit"', 1274960872, 1274960872, 'Katharina', 'Katharina', 0, '', ''),
(151, 0, 11, NULL, 'audio/mpeg', '09_spur_9.mp3', '09 Spur 9.mp3', '2828404', NULL, NULL, 'Poulenc "Gloria"', 1274960926, 1274960926, 'Katharina', 'Katharina', 0, '', ''),
(152, 0, 11, NULL, 'audio/mpeg', '10_spur_10.mp3', '10 Spur 10.mp3', '3066928', NULL, NULL, 'Poulenc "Gloria"', 1274960946, 1274960946, 'Katharina', 'Katharina', 0, '', ''),
(153, 0, 11, NULL, 'audio/mpeg', '11_spur_11.mp3', '11 Spur 11.mp3', '4597735', NULL, NULL, 'Poulenc "Gloria"', 1274960965, 1274960965, 'Katharina', 'Katharina', 0, '', ''),
(154, 0, 11, NULL, 'audio/mpeg', '12_spur_12.mp3', '12 Spur 12.mp3', '1270909', NULL, NULL, 'Poulenc "Gloria"', 1274960983, 1274960983, 'Katharina', 'Katharina', 0, '', ''),
(155, 0, 11, NULL, 'audio/mpeg', '13_spur_13.mp3', '13 Spur 13.mp3', '6838276', NULL, NULL, 'Poulenc "Gloria"', 1274961000, 1274961000, 'Katharina', 'Katharina', 0, '', ''),
(156, 0, 11, NULL, 'audio/mpeg', '14_spur_14.mp3', '14 Spur 14.mp3', '6414187', NULL, NULL, 'Poulenc "Gloria"', 1274961020, 1274961020, 'Katharina', 'Katharina', 0, '', ''),
(157, 0, 5, NULL, 'image/jpeg', '22667_1332606922766_1458823036_30917284_8270259_n.jpg', '22667_1332606922766_1458823036_30917284_8270259_n.jpg', '47172', 604, 401, 'Kathi', 1274961456, 1274961581, 'Katharina', 'Katharina', 0, '', ''),
(158, 0, 0, NULL, 'application/msword', 'attachment.doc', 'attachment.doc', '834560', NULL, NULL, 'Anmeldung Requiem und Toskana', 1285853661, 1285853661, 'Katharina', 'Katharina', 0, '', ''),
(159, 0, 0, NULL, 'image/jpeg', 'cd.jpg', 'CD.jpg', '23288', 100, 99, 'CD 2010', 1285854243, 1285854261, 'Katharina', 'Katharina', 0, '', ''),
(160, 0, 0, NULL, 'image/jpeg', 'cd_1.jpg', 'CD.jpg', '312657', 939, 932, 'CD 2010', 1285854486, 1285854486, 'Katharina', 'Katharina', 0, '', ''),
(161, 0, 12, NULL, 'application/x-octet-stream', 'einladung_und_anmeldung_auvergne.pdf', 'Einladung_und_Anmeldung_Auvergne.pdf', '47589', NULL, NULL, 'Einladung & Anmeldungsschreiben', 1304022667, 1310992529, 'Katharina', 'claus', 0, 'Einladung und Anmeldung', 'me, myself and I & others'),
(163, 0, 13, NULL, 'application/pdf', 'rundmail_anmeldung.pdf', 'Rundmail Anmeldung.pdf', '68730', NULL, NULL, 'Anmeldung Lago Maggiore', 1329138045, 1329138045, 'claus', 'claus', 0, 'Einladung und Anmeldeformular', ''),
(164, 0, 0, NULL, 'application/msword', 'brief_juni_suedtirol_2012.doc', 'Brief Juni Suedtirol 2012.doc', '29184', NULL, NULL, 'Rundmail Neustift Juni 2012', 1341315738, 1341315738, 'claus', 'claus', 0, '', ''),
(165, 0, 0, NULL, 'application/save-as', 'rundmail_anmeldung_1.pdf', 'Rundmail Anmeldung.pdf', '68730', NULL, NULL, 'Anmeldung Lago Maggiore und Neustift 2012', 1341315896, 1341315896, 'claus', 'claus', 0, '', ''),
(166, 0, 0, NULL, 'application/pdf', 'einladung_auvergne_2013.pdf', 'Einladung Auvergne 2013.pdf', '74997', NULL, NULL, 'Anmeldung Auvergne2013', 1371900894, 1371900894, 'claus', 'claus', 0, '', ''),
(167, 0, 0, NULL, 'application/pdf', 's__dtirol2014.pdf', 'Südtirol2014.pdf', '73767', NULL, NULL, 'Anmeldung Südtirol 2014', 1393606209, 1393606209, 'Katharina', 'Katharina', 0, '', ''),
(168, 0, 0, NULL, 'application/pdf', 'suedtirol2014.pdf', 'suedtirol2014.pdf', '73767', NULL, NULL, 'Südtirol 2014', 1393606613, 1393606613, 'Katharina', 'Katharina', 0, '', ''),
(169, 0, 3, NULL, 'text/plain', 'camerata_academica_freiburg_executive_board_camerata_academica_freiburg_e.v._camerata-academica-freiburg_cafev.de_0xd4e422a0_pub.asc', 'camerata_academica_freiburg_executive_board_camerata_academica_freiburg_e.v._camerata-academica-freiburg_cafev.de_0xd4e422a0_pub.asc', '4088', NULL, NULL, 'OpenPGPPublicKey', 1402434132, 1402434132, 'claus', 'claus', 0, '', '');

-- --------------------------------------------------------

--
-- Tabellenstruktur für Tabelle `rex_file_category`
--

CREATE TABLE IF NOT EXISTS `rex_file_category` (
  `id` int(11) NOT NULL AUTO_INCREMENT,
  `name` varchar(255) NOT NULL,
  `re_id` int(11) NOT NULL,
  `path` varchar(255) NOT NULL,
  `createdate` int(11) NOT NULL,
  `updatedate` int(11) NOT NULL,
  `createuser` varchar(255) NOT NULL,
  `updateuser` varchar(255) NOT NULL,
  `attributes` text,
  `revision` int(11) NOT NULL,
  PRIMARY KEY (`id`,`name`)
) ENGINE=MyISAM  DEFAULT CHARSET=utf8 AUTO_INCREMENT=15 ;

--
-- Daten für Tabelle `rex_file_category`
--

INSERT INTO `rex_file_category` (`id`, `name`, `re_id`, `path`, `createdate`, `updatedate`, `createuser`, `updateuser`, `attributes`, `revision`) VALUES
(1, 'Contentbilder', 0, '|', 1258985762, 1258985762, 'admin', 'admin', '', 0),
(2, 'CD Cover', 0, '|', 1259161947, 1259161947, 'admin', 'admin', '', 0),
(3, 'Downloads', 0, '|', 1259589927, 1260657427, 'admin', 'admin', NULL, 0),
(4, 'Bildergalerien', 0, '|', 1259669490, 1259669490, 'admin', 'admin', NULL, 0),
(5, 'Auvergne 2010', 4, '|4|', 1259669527, 1259669527, 'admin', 'admin', NULL, 0),
(6, 'Systemdateien', 0, '|', 1259670180, 1259670180, 'admin', 'admin', NULL, 0),
(7, 'Weihnachtskonzert 2009', 3, '|3|', 1260299508, 1260299508, 'admin', 'admin', NULL, 0),
(8, 'Sinfoniekonzert 2007', 3, '|3|', 1260657443, 1260657443, 'admin', 'admin', NULL, 0),
(9, 'Sinfoniekonzert 2009', 3, '|3|', 1260657454, 1260657454, 'admin', 'admin', NULL, 0),
(10, 'Konzerte', 0, '|', 1264779064, 1264779064, 'admin', 'admin', NULL, 0),
(11, 'Chorkonzert 2010', 3, '|3|', 1274959860, 1274959860, 'Katharina', 'Katharina', NULL, 0),
(12, 'Auvergne 2011', 3, '|3|', 1304022579, 1304022579, 'Katharina', 'Katharina', NULL, 0),
(13, 'Lago Maggiore 2012', 3, '|3|', 1329137927, 1329137927, 'claus', 'claus', NULL, 0),
(14, 'Neustift 2012', 3, '|3|', 1329137939, 1329137939, 'claus', 'claus', NULL, 0);

-- --------------------------------------------------------

--
-- Tabellenstruktur für Tabelle `rex_module`
--

CREATE TABLE IF NOT EXISTS `rex_module` (
  `id` int(11) NOT NULL AUTO_INCREMENT,
  `name` varchar(255) NOT NULL,
  `category_id` int(11) NOT NULL,
  `ausgabe` text NOT NULL,
  `eingabe` text NOT NULL,
  `createuser` varchar(255) NOT NULL,
  `updateuser` varchar(255) NOT NULL,
  `createdate` int(11) NOT NULL,
  `updatedate` int(11) NOT NULL,
  `attributes` text,
  `revision` int(11) NOT NULL,
  PRIMARY KEY (`id`,`category_id`)
) ENGINE=MyISAM  DEFAULT CHARSET=utf8 AUTO_INCREMENT=12 ;

--
-- Daten für Tabelle `rex_module`
--

INSERT INTO `rex_module` (`id`, `name`, `category_id`, `ausgabe`, `eingabe`, `createuser`, `updateuser`, `createdate`, `updatedate`, `attributes`, `revision`) VALUES
(1, '01 - Textblock [Editor]', 0, '<?php\r\nif (REX_IS_VALUE[1])\r\n{\r\n$wysiwigvalue =<<<EOD\r\nREX_HTML_VALUE[1]\r\nEOD;\r\n\r\n  if (trim($wysiwigvalue) <> '''')\r\n  {\r\n    echo ''<div class="item-text clearfix">'';\r\n    if ($REX[''GG'']) echo replaceMailto($wysiwigvalue);\r\n    else   echo $wysiwigvalue;\r\n    echo ''</div>'';\r\n  }\r\n}\r\n?>', '<strong>Textblock:</strong><br />\r\n<textarea name="VALUE[1]" class="tinyMCEEditor" style="width:720px; height:450px;">\r\nREX_VALUE[1]\r\n</textarea>', 'admin', 'admin', 1258982367, 1260275024, '', 0),
(2, '02 - Konzertblock [Maske]', 0, '<?php\r\n	$val1 = (strlen(''REX_VALUE[1]'') > 0) ? ''<h3>REX_VALUE[1]</h3>''."\\n" : '''' ;\r\n	\r\n	$val2 = '''';\r\n	if(REX_IS_VALUE[2])\r\n	{\r\n	$val2 = htmlspecialchars_decode("REX_VALUE[2]");\r\n	$val2 = str_replace("<br />","",$val2);\r\n	$val2 = rex_a79_textile($val2);\r\n	$val2 = str_replace("###","&#x20;",$val2);\r\n	$val2 = strip_tags($val2,"<br>");\r\n	$val2 = ''<h1>''.$val2.''</h1>''."\\n";\r\n	}\r\n	$val3 = '''';\r\n	if(REX_IS_VALUE[3])\r\n	{\r\n	$val3 = htmlspecialchars_decode("REX_VALUE[3]");\r\n	$val3 = str_replace("<br />","",$val3);\r\n	$val3 = rex_a79_textile($val3);\r\n	$val3 = str_replace("###","&#x20;",$val3);\r\n	$val3 = strip_tags($val3,"<br>");\r\n	$val3 = ''<h2>''.$val3.''</h2>''."\\n";\r\n	}\r\n	$val4 = '''';\r\n	if(REX_IS_VALUE[4])\r\n	{\r\n	$val4 = htmlspecialchars_decode("REX_VALUE[4]");\r\n	$val4 = str_replace("<br />","",$val4);\r\n	$val4 = rex_a79_textile($val4);\r\n	$val4 = str_replace("###","&#x20;",$val4);\r\n	$val4 = strip_tags($val4,"<br>");\r\n	$val4 = ''<p><strong>''.$val4.''</strong></p>''."\\n";\r\n	}\r\n	$val7 = '''';\r\n	if(REX_IS_VALUE[7])\r\n	{\r\n	$val7 = htmlspecialchars_decode("REX_VALUE[7]");\r\n	$val7 = str_replace("<br />","",$val7);\r\n	$val7 = rex_a79_textile($val7);\r\n	$val7 = str_replace("###","&#x20;",$val7);\r\n	$val7 = strip_tags($val7,"<br>");\r\n	$val7 = ''<p><em>''.$val7.''</em></p>''."\\n";\r\n	}\r\n?>\r\n<div class="item-text">\r\n<?php if ("REX_FILE[1]" != "") { // mit Bild ?>\r\n	<div class="marginalie">\r\n		<img src="<?=$REX[''HTDOCS_PATH'']?>files/REX_FILE[1]" alt="REX_VALUE[2]" />\r\n	</div>\r\n	<?=$val1?>\r\n	<?=$val2?>\r\n	<?=$val3?>\r\n	<?=$val7?>\r\n	<?=$val4?>\r\n<?php } else { ?>\r\n	<div class="marginalie">\r\n		<?=$val1?>\r\n		<?=$val2?>\r\n		<?=$val3?>\r\n		<?=$val7?>\r\n		<?=$val4?>\r\n	</div>\r\n<?php } ?>\r\n<?php\r\nif (REX_IS_VALUE[6])\r\n{\r\n$wysiwigvalue =<<<EOD\r\nREX_HTML_VALUE[6]\r\nEOD;\r\n    if ($REX[''GG'']) { // nur im frontend span-mailtos ersetzen\r\n		echo replaceMailto($wysiwigvalue);\r\n	} else {\r\n		echo $wysiwigvalue;\r\n	}\r\n}\r\n?>\r\n</div>', '<strong>Datum</strong><br />\r\n<input type="text" size="80" name="VALUE[1]" value="REX_VALUE[1]" />\r\n<br /><br />\r\n<strong>Überschrift</strong><br />\r\n<textarea name="VALUE[2]" cols="80" rows="5" class="inp100">REX_HTML_VALUE[2]</textarea>\r\n<br /><br />\r\n<strong>Unterüberschrift</strong><br />\r\n<textarea name="VALUE[3]" cols="80" rows="5" class="inp100">REX_HTML_VALUE[3]</textarea>\r\n<br /><br />\r\n<strong>Mitwirkende</strong><br />\r\n<textarea name="VALUE[7]" cols="80" rows="5" class="inp100">REX_HTML_VALUE[7]</textarea>\r\n<br /><br />\r\n<strong>Veranstaltungsort</strong><br />\r\n<textarea name="VALUE[4]" cols="80" rows="5" class="inp100">REX_HTML_VALUE[4]</textarea>\r\n<br /><br />\r\n<strong>Teasertext (Startseite)</strong><br />\r\n<textarea name="VALUE[5]" class="tinyMCEEditor" style="width:720px; height:150px;">\r\nREX_VALUE[5]\r\n</textarea>\r\n<br /><br />\r\n<strong>Teaserbild (optional)</strong>:<br />\r\nREX_MEDIA_BUTTON[1]\r\n<?\r\nif ("REX_FILE[1]" != "") {\r\necho "<br /><strong>Vorschau</strong>:<br />";\r\necho "<img src=".$REX[''HTDOCS_PATH'']."/files/REX_FILE[1]><br />";\r\n}\r\n?>\r\n<br /><br />\r\n<strong>Detailtext (Nur auf der Detailseite sichtbar)</strong><br />\r\n<textarea name="VALUE[6]" class="tinyMCEEditor" style="width:720px; height:450px;">\r\nREX_VALUE[6]\r\n</textarea>', 'admin', 'cafev', 1258986774, 1410090385, '', 0),
(3, '02 - Konzertliste', 0, '<?php\r\n/* Trennlinie falls zwei oder mehr Konzertlisten untereinander  */\r\nif (isset($itemCount) && $itemCount) {\r\n$out 	 	= ''<div class="item-line">&nbsp;</div>'';\r\n} else {\r\n$out 	 	= '''';\r\n}\r\n\r\n/**\r\n * Ausgabe Konzerteliste\r\n *\r\n */\r\n\r\n$whichId    = ("REX_VALUE[1]" != '''' && intval("REX_VALUE[1]")) ? "REX_VALUE[1]" : $this->getValue(''category_id'');\r\n$howMany    = ("REX_VALUE[2]" != '''' && intval("REX_VALUE[2]")) ? "REX_VALUE[2]" : false; // false -> alle anzeigen\r\n$cat 	    = OOCategory::getCategoryById($whichId);\r\n$article    = $cat->getArticles();\r\n\r\n$itemCount  = 0;\r\nif (is_array($article) && count($article)) \r\n{\r\n	foreach ($article as $key => $var) \r\n	{\r\n		if (!$var->isOnline()) continue;\r\n		$articleId   		= $var->getId();\r\n		$articleName 		= $var->getName();\r\n		$articleDescription = $var->getDescription();\r\n		if (!$var->isStartpage()) \r\n		{	\r\n			$slice = OOArticleSlice::getFirstSliceForArticle($articleId,false);\r\n			//var_dump($slice);\r\n			if ($slice) {\r\n				$date     = $slice->getValue(1);\r\n				$title    = nl2br($slice->getValue(2));\r\n				$subtitle = nl2br($slice->getValue(3));\r\n				$peoples  = nl2br($slice->getValue(7));\r\n				$location = nl2br($slice->getValue(4));\r\n				$teaser	  = $slice->getValue(5);\r\n				\r\n				$teaser = str_replace("###","&#x20;",$teaser);\r\n				$teaser = rex_article::replaceLinks($teaser); // rex-links zu htmllinks\r\n				if ($teaser && $REX[''GG'']) { // nur im frontend span-mailtos ersetzen\r\n					$teaser	= replaceMailto($teaser);\r\n				}\r\n				$image    = $slice->getMedia(1);\r\n\r\n				if ($itemCount) { // wenn itemCount > 0 mit Linie\r\n					$out .= ''<div class="item-text no-margin clearfix">''."\\n";	\r\n					$out .= ''<p class="ornament"> </p>''."\\n";\r\n				} else {\r\n					$out .= ''<div class="item-text clearfix">''."\\n";\r\n				}\r\n				\r\n				if ($image) {\r\n				$out .= ''<div class="marginalie">''."\\n";\r\n				$out .= ''<img src="''.$REX[''HTDOCS_PATH''].''files/''.$image.''" alt="REX_VALUE[2]" />'';\r\n				$out .= ''</div>''."\\n";\r\n				$out .= ($date) ? ''<h3>''.$date.''</h3>''."\\n" : '''';\r\n				$out .= ($title) ? ''<h1>''.$title.''</h1>''."\\n" : '''';\r\n				$out .= ($subtitle) ? ''<h2>''.$subtitle.''</h2>''."\\n" : '''';\r\n				$out .= ($peoples) ? ''<p><em>''.$peoples.''</em></p>''."\\n" : '''';\r\n				$out .= ($location) ? ''<p><strong>''.$location.''</strong></p>''."\\n" : '''';\r\n\r\n\r\n				$out .= ($teaser) ? $teaser."\\n" : '''';\r\n				$out .= ''<p><a href="''.rex_getUrl($articleId).''">Mehr Informationen »</a></p>'';\r\n				} else {\r\n				$out .= ''<div class="marginalie">''."\\n";\r\n				$out .= ($date) ? ''<h3>''.$date.''</h3>''."\\n" : '''';\r\n				$out .= ($title) ? ''<h1>''.$title.''</h1>''."\\n" : '''';\r\n				$out .= ($subtitle) ? ''<h2>''.$subtitle.''</h2>''."\\n" : '''';\r\n				$out .= ($peoples) ? ''<p><em>''.$peoples.''</em></p>''."\\n" : '''';\r\n				$out .= ($location) ? ''<p><strong>''.$location.''</strong></p>''."\\n" : '''';\r\n				$out .= ''</div>''."\\n";\r\n				$out .= ($teaser) ? $teaser."\\n" : '''';\r\n				$out .= ''<p><a href="''.rex_getUrl($articleId).''">Mehr Informationen »</a></p>'';\r\n				}\r\n				\r\n\r\n				$out .= ''</div>''."\\n";\r\n				$itemCount++;\r\n				if ($howMany && $itemCount >= $howMany ) break;\r\n			}\r\n			\r\n		}\r\n	}\r\n}\r\necho $out;\r\n?>', '<strong>Welche Id (leerlassen für diese Kategorie)</strong><br />\r\n<input type="text" size="50" name="VALUE[1]" value="REX_VALUE[1]" />\r\n<br /><br />\r\n\r\n<strong>Wie viele anzeigen (leerlassen für alle)</strong><br />\r\n<input type="text" size="50" name="VALUE[2]" value="REX_VALUE[2]" />', 'admin', 'admin', 1258987139, 1264607966, '', 0),
(4, '04 - Artikelweiterleitung', 0, '<?php\r\n\r\nif($REX[''REDAXO'']!=1 && REX_ARTICLE_ID != REX_LINK_ID[1])\r\n{\r\n  if ( REX_LINK_ID[1] != 0) \r\n  {\r\n   rex_redirect(REX_LINK_ID[1], $REX[''CUR_CLANG'']);\r\n  }\r\n}else\r\n{\r\n  echo "Weiterleitung zu <a href=''index.php?page=content&article_id=REX_LINK_ID[1]&mode=edit''>Artikel           REX_LINK[1]</a>";\r\n}\r\n\r\n?>', 'Artikel auswählen, zu dem weitergeleitet werden soll:<br /><br />\r\nREX_LINK_BUTTON[1]', 'admin', 'admin', 1258991733, 1258991741, '', 0),
(5, '02 - Konzertteaser Startseite', 0, '<?php\r\n/**\r\n * Darstellung des ersten Konzerts auf\r\n * http://camerata/index.php?article_id=16\r\n */\r\n \r\n$max	 = "REX_VALUE[1]";\r\n$cat 	 = OOCategory::getCategoryById(16);\r\n$article = $cat->getArticles();\r\n$out 	 = '''';\r\n\r\n// Startseite Article Anzahl abholen (Textblock ID=1)/ clang false\r\n$startSlices = OOArticleSlice::getSlicesForArticleOfType($REX[''START_ARTICLE_ID''],1);\r\n\r\nif (is_array($article) && count($article)) \r\n{\r\n	$itemCount = 0;\r\n	foreach ($article as $key => $var) \r\n	{\r\n		if (!$var->isOnline()) continue;\r\n		$articleId   		= $var->getId();\r\n		$articleName 		= $var->getName();\r\n		$articleDescription = $var->getDescription();\r\n		if (!$var->isStartpage()) \r\n		{	\r\n                        if (!$var->isOnline()) continue;\r\n			$slice = OOArticleSlice::getFirstSliceForArticle($articleId,false);\r\n			//var_dump($slice);\r\n			if ($slice) {\r\n				$itemCount++;\r\n				$date     = $slice->getValue(1);\r\n				$title    = nl2br($slice->getValue(2));\r\n				$subtitle = nl2br($slice->getValue(3));\r\n				$peoples  = nl2br($slice->getValue(7));\r\n				$location = nl2br($slice->getValue(4));\r\n				$teaser	  = $slice->getValue(5);\r\n\r\n				$teaser = str_replace("###","&#x20;",$teaser);\r\n				$teaser = rex_article::replaceLinks($teaser); // rex-links zu htmllinks\r\n				if ($teaser && $REX[''GG'']) { // nur im frontend span-mailtos ersetzen\r\n					$teaser	= replaceMailto($teaser);\r\n				}\r\n				//$text	  = $slice->getValue(6);\r\n				$out .= ''<div class="item-text item-teaser clearfix">''."\\n";\r\n				$out .= ''<div class="marginalie">''."\\n";\r\n				$out .= ($date) ? ''<h3>''.$date.''</h3>''."\\n" : '''';\r\n				$out .= ($title) ? ''<h1>''.$title.''</h1>''."\\n" : '''';\r\n				$out .= ($subtitle) ? ''<h2>''.$subtitle.''</h2>''."\\n" : '''';\r\n				$out .= ($peoples) ? ''<p><em>''.$peoples.''</em></p>''."\\n" : '''';\r\n				$out .= ($location) ? ''<p><strong>''.$location.''</strong></p>''."\\n" : '''';\r\n				$out .= ''</div>''."\\n";\r\n				$out .= ($teaser) ? $teaser."\\n" : '''';\r\n				$out .= ''<p><a href="''.rex_getUrl($articleId).''">Mehr Informationen »</a></p>'';\r\n				\r\n				// ornament ausgeben wenn letzter KonzertTeaser + folgender Textblock\r\n				if ($itemCount >= $max && count($startSlices)) {\r\n					$out .= ''<p class="ornament"> </p>''."\\n";\r\n				}\r\n				$out .= ''</div>''."\\n";\r\n				\r\n				if ($itemCount >= $max) break;\r\n			}\r\n			\r\n			//echo ''<a href="''.rex_getUrl($articleId).''" class="faq">''.$articleName.''</a><br />'';\r\n		}\r\n	}\r\n}\r\necho $out;\r\n?>', '<p>Konzerte werden in der Kategorie ''konzerte > aktuelle konzerte'' eingepflegt. <br />Auf dieser Seite kann man die Anzahl der anzuteasernden Konzerte einstellen: <br /><br /></p>\r\n<p>Anzahl der Konzertteaser auf der Startseite:<br />\r\n<select name="VALUE[1]" >\r\n<?php\r\nfor($i=1;$i<3;$i++) {\r\n       echo ''<option value="''.$i.''" '';\r\n       if ( "REX_VALUE[1]"=="$i" ) {\r\n		echo ''selected="selected" '';\r\n	}\r\n       echo ''>''.$i.''</option>'';\r\n}\r\n?></p>', 'admin', 'cafev', 1258993245, 1341116314, '', 0),
(6, '05 - Bildergalerie', 0, '<?php\r\n\r\nif (!isset($REX[''MODULE_BILDGALERIE_ID''])) $REX[''MODULE_BILDGALERIE_ID''] = 0;\r\nelse $REX[''MODULE_BILDGALERIE_ID'']++;\r\n\r\nif ($REX[''MODULE_BILDGALERIE_ID'']==0)\r\n{\r\n?>\r\n<script type="text/javascript">\r\nvar GB_ROOT_DIR = "files/";\r\n</script>\r\n<script type="text/javascript" src="files/ajs.js"></script>\r\n<script type="text/javascript" src="files/ajs_fx.js"></script>\r\n<script type="text/javascript" src="files/gb_scripts.js"></script>\r\n<link href="files/gb_styles.css" rel="stylesheet" type="text/css" />\r\n\r\n<?php\r\n}\r\n?>\r\n\r\n<div class="item-galerie clearfix">\r\n\r\n<?php\r\n\r\n$pics_string = "REX_MEDIALIST[1]";\r\nif($pics_string != '''')\r\n{\r\n  $i = 1;\r\n  $pics = explode('','',$pics_string);\r\n\r\n  foreach($pics as $pic)\r\n  {\r\n    echo ''<div class="image">'';\r\n\r\n    $title = '''';\r\n    if ($file = OOMedia::getMediaByFileName($pic)) $title = $file->getTitle();\r\n\r\n    echo ''<a href="''.$REX[''HTDOCS_PATH''].''/files/''.$pic.''" rel="gb_imageset[galerie''.$REX[''MODULE_BILDGALERIE_ID''].'']"><img src="''.$REX[''HTDOCS_PATH''].''/index.php?rex_resize=180a__''.$pic.''" title="''.$title.''" alt="''.$title.''" /></a>'';\r\n\r\n    // echo ''<p>''.$title.''</p>'';\r\n    echo ''</div>'';\r\n\r\n    if($i % 4 == 0)\r\n      echo ''<div class="clear"></div>'';\r\n\r\n    $i++;  \r\n  }\r\n}\r\n\r\n?></div>', 'Bitte Bilder auswählen:\r\n<br />REX_MEDIALIST_BUTTON[1]\r\n<br /><br />', 'admin', 'admin', 1259669818, 1260285655, NULL, 0),
(7, '03 - Solisten [Maske]', 0, '<div class="item-text">\r\n<?php\r\n$langtext ='''';\r\n\r\nif (REX_IS_VALUE[3])\r\n{\r\n$langtext =<<<EOD\r\nREX_HTML_VALUE[3]\r\nEOD;\r\n}\r\nif ($REX[''GG'']) echo replaceMailto($langtext);\r\nelse   echo $langtext;\r\n?>	\r\n</div>', '<strong>Solisten Name</strong><br />\r\n<input type="text" size="120" name="VALUE[1]" value="REX_VALUE[1]" />\r\n<br /><br />\r\n<strong>Kurztext (für die Solisten-Übersichtsseite)</strong><br />\r\n<textarea name="VALUE[2]" class="tinyMCEEditor" style="width:720px; height:150px;">\r\nREX_VALUE[2]\r\n</textarea>\r\n<br /><br />\r\n<strong>Langtext (für die Solisten-Detailseite)</strong><br />\r\n<textarea name="VALUE[3]" class="tinyMCEEditor" style="width:720px; height:450px;">\r\nREX_VALUE[3]\r\n</textarea>', 'admin', 'admin', 1259839798, 1260275190, NULL, 0),
(8, '03 - Solistenliste', 0, '<?php\r\n/* Trennlinie falls zwei oder mehr Solisten untereinander  */\r\nif (isset($itemCount) && $itemCount) {\r\n$out 	 	= ''<div class="item-line">&nbsp;</div>'';\r\n} else {\r\n$out 	 	= '''';\r\n}\r\n\r\n/**\r\n * Ausgabe Solistenliste\r\n *\r\n */\r\n$whichId    = ("REX_VALUE[1]" != '''' && intval("REX_VALUE[1]")) ? "REX_VALUE[1]" : $this->getValue(''category_id'');\r\n$howMany    = ("REX_VALUE[2]" != '''' && intval("REX_VALUE[2]")) ? "REX_VALUE[2]" : false; // false -> alle anzeigen\r\n$cat 	    = OOCategory::getCategoryById($whichId);\r\n$article    = $cat->getArticles();\r\n\r\n$itemCount  = 0;\r\nif (is_array($article) && count($article)) \r\n{\r\n	foreach ($article as $key => $var) \r\n	{\r\n		$articleId   		= $var->getId();\r\n		$articleName 		= $var->getName();\r\n		$articleDescription = $var->getDescription();\r\n		if (!$var->isStartpage()) \r\n		{	\r\n			$slice = OOArticleSlice::getFirstSliceForArticle($articleId,false);\r\n			if ($slice) {\r\n				$name     = $slice->getValue(1);\r\n				$teaser	  = $slice->getValue(2);\r\n				$image    = $slice->getMedia(1);\r\n				\r\n				// rex-links zu htmllinks\r\n				$teaser = str_replace("###","&#x20;",$teaser);\r\n				$teaser = rex_article::replaceLinks($teaser);			\r\n\r\n				if ($itemCount) { // wenn itemCount > 0 mit Linie\r\n					$out .= ''<div class="item-text no-margin clearfix">''."\\n";	\r\n					$out .= ''<p class="ornament"> </p>''."\\n";\r\n				} else {\r\n					$out .= ''<div class="item-text clearfix">''."\\n";\r\n				}\r\n				\r\n				/* if ($image) {\r\n				$out .= ''<div class="marginalie">''."\\n";\r\n				$out .= ''<img src="''.$REX[''HTDOCS_PATH''].''files/''.$image.''" alt="REX_VALUE[1]" />'';\r\n				$out .= ''</div>''."\\n";\r\n				$out .= ($name) ? ''<h1>''.$name.''</h1>''."\\n" : '''';\r\n				$out .= ($teaser) ? $teaser."\\n" : '''';\r\n				$out .= ''<p><a href="''.rex_getUrl($articleId).''">Mehr Informationen »</a></p>'';\r\n				} else { */\r\n				$out .= ''<div class="marginalie">''."\\n";\r\n				$out .= ($name) ? ''<h1>''.$name.''</h1>''."\\n" : '''';\r\n				$out .= ''</div>''."\\n";\r\n				$out .= ($teaser) ? $teaser."\\n" : '''';\r\n				$out .= ''<p><a href="''.rex_getUrl($articleId).''">Mehr über <em>''.$name.''</em> »</a></p>'';\r\n				/* } */ // ohne Bild auf der Übersicht\r\n				\r\n				$out .= ''</div>''."\\n";\r\n				$itemCount++;\r\n				if ($howMany && $itemCount >= $howMany ) break;\r\n			}\r\n		}\r\n	}\r\n}\r\necho $out;\r\n?>', '<strong>Welche Id (leerlassen für diese Kategorie)</strong><br />\r\n<input type="text" size="50" name="VALUE[1]" value="REX_VALUE[1]" />\r\n<br /><br />\r\n\r\n<strong>Wie viele anzeigen (leerlassen für alle)</strong><br />\r\n<input type="text" size="50" name="VALUE[2]" value="REX_VALUE[2]" />', 'admin', 'admin', 1259840571, 1260437839, NULL, 0),
(9, '05 - Bildergalerie Teaser (ohne Thumbnails)', 0, '<?php\r\n\r\n$iTitle 	 = ("REX_VALUE[1]" != "") ? "<h1>REX_VALUE[1]</h1>\\n" : "";\r\n$iImage		 = ("REX_FILE[1]" != "")  ? ''REX_FILE[1]'' : false;\r\n$iTeaser     = '''';\r\nif (REX_IS_VALUE[2])\r\n{\r\n$wysiwigvalue =<<<EOD\r\nREX_HTML_VALUE[2]\r\nEOD;\r\n}\r\nif ($REX[''GG'']) { // nur im frontend span-mailtos ersetzen\r\n	$iTeaser =  replaceMailto($wysiwigvalue);\r\n} else {\r\n	$iTeaser =  $wysiwigvalue;\r\n}\r\n\r\n\r\nif (!isset($REX[''MODULE_BILDGALERIE_ID''])) $REX[''MODULE_BILDGALERIE_ID''] = 0;\r\nelse $REX[''MODULE_BILDGALERIE_ID'']++;\r\n\r\nif ($REX[''MODULE_BILDGALERIE_ID'']==0)\r\n{\r\n?>\r\n<script type="text/javascript">\r\nvar GB_ROOT_DIR = "files/";\r\n</script>\r\n<script type="text/javascript" src="files/ajs.js"></script>\r\n<script type="text/javascript" src="files/ajs_fx.js"></script>\r\n<script type="text/javascript" src="files/gb_scripts.js"></script>\r\n<link href="files/gb_styles.css" rel="stylesheet" type="text/css" />\r\n\r\n<?php\r\n}\r\n?>\r\n\r\n<div class="item-text clearfix">\r\n\r\n\r\n\r\n<?php\r\n$pics_string = "REX_MEDIALIST[1]";\r\n$out = ''''; // der output\r\n$outImages = ''''; // galerielink (versteckte) sammeln\r\n$iLink = false;\r\nif($pics_string != '''')\r\n{\r\n  $i = 1;\r\n  $pics = explode('','',$pics_string);\r\n  $out .= ''<div class="marginalie">''."\\n";\r\n  $out .= $iTitle;\r\n  \r\n  foreach($pics as $pic)\r\n  {\r\n  	$out .= ''<p>''."\\n";\r\n  	if ($i == 1) {\r\n		$iImage = ($iImage) ? $iImage : $pic;\r\n		$iLink = ''<a href="''.$REX[''HTDOCS_PATH''].''/files/''.$pic.''" rel="gb_imageset[galerie''.$REX[''MODULE_BILDGALERIE_ID''].'']" id="startGalerie">''."\\n";\r\n		//$out .= $iLink;\r\n		$out .= ''<img src="''.$REX[''HTDOCS_PATH''].''/index.php?rex_resize=280a__''.$iImage.''" alt="''.$iTitle.''" />''."\\n";\r\n		//$out .= ''</a>''."\\n";\r\n	} else {\r\n	  	$outImages .= ''<a href="''.$REX[''HTDOCS_PATH''].''/files/''.$pic.''" rel="gb_imageset[galerie''.$REX[''MODULE_BILDGALERIE_ID''].'']" style="display:none">&nbsp;</a>''."\\n";\r\n	}\r\n	$out .= ''</p>''."\\n";\r\n    $i++;  \r\n  }\r\n  $out .= ''</div>''."\\n";\r\n  $out .= $iTeaser;\r\n  $out .= ($iLink) ? ''<p>''.$iLink.''Bildergalerie zeigen »''.''</a></p>''."\\n" : '''';\r\n  $out .= $outImages;\r\n}\r\necho $out;\r\n\r\n?></div>', '<strong>Titel (optional)</strong><br />\r\n<input type="text" size="120" name="VALUE[1]" value="REX_VALUE[1]" />\r\n<br /><br />\r\n\r\n<strong>Spezielles Teaserbild (optional)</strong>:<br />\r\nREX_MEDIA_BUTTON[1]\r\n<?\r\nif ("REX_FILE[1]" != "") {\r\necho "<br /><strong>Vorschau</strong>:<br />";\r\necho "<img src=".$REX[''HTDOCS_PATH'']."/files/REX_FILE[1]><br />";\r\n}\r\n?>\r\n<br /><br />\r\n\r\n<strong>Teasertext</strong><br />\r\n<textarea name="VALUE[2]" class="tinyMCEEditor" style="width:720px; height:150px;">\r\nREX_VALUE[2]\r\n</textarea>\r\n<br /><br />\r\n\r\n<strong>Bitte Bilder auswählen:</strong><br />\r\nREX_MEDIALIST_BUTTON[1]\r\n<br /><br />', 'admin', 'admin', 1260286227, 1260354389, NULL, 0),
(10, '06 - Probenplanliste', 0, '<?php\r\n/* Trennlinie falls zwei oder mehr Probenpläne untereinander  */\r\nif (isset($itemCount) && $itemCount) {\r\n$out 	 	= ''<div class="item-line">&nbsp;</div>'';\r\n} else {\r\n$out 	 	= '''';\r\n}\r\n\r\n/**\r\n * Ausgabe Probenpläne\r\n *\r\n */\r\n$whichId    = ("REX_VALUE[1]" != '''' && intval("REX_VALUE[1]")) ? "REX_VALUE[1]" : $this->getValue(''category_id'');\r\n$howMany    = ("REX_VALUE[2]" != '''' && intval("REX_VALUE[2]")) ? "REX_VALUE[2]" : false; // false -> alle anzeigen\r\n$cat 	    = OOCategory::getCategoryById($whichId);\r\n$article    = $cat->getArticles();\r\n\r\n$itemCount  = 0;\r\nif (is_array($article) && count($article)) \r\n{\r\n	foreach ($article as $key => $var) \r\n	{\r\n                if (!$var->isOnline()) continue;\r\n		$articleId   		= $var->getId();\r\n		$articleName 		= $var->getName();\r\n		$articleDescription = $var->getDescription();\r\n		if (!$var->isStartpage()) \r\n		{	\r\n			$slice = OOArticleSlice::getFirstSliceForArticle($articleId,false);\r\n			if ($slice) {\r\n				$name     = $slice->getValue(1);\r\n				$teaser	  = $slice->getValue(2);\r\n				$image    = $slice->getMedia(1);\r\n                                $full          = $slice->getValue(3);\r\n				\r\n				// rex-links zu htmllinks\r\n				$teaser = str_replace("###","&#x20;",$teaser);\r\n				$teaser = rex_article::replaceLinks($teaser);			\r\n\r\n				if ($itemCount) { // wenn itemCount > 0 mit Linie\r\n					$out .= ''<div class="item-text no-margin clearfix">''."\\n";	\r\n					$out .= ''<p class="ornament"> </p>''."\\n";\r\n				} else {\r\n					$out .= ''<div class="item-text clearfix">''."\\n";\r\n				}\r\n				\r\n				$out .= ''<div class="marginalie">''."\\n";\r\n				$out .= ($name) ? ''<h1>''.$name.''</h1>''."\\n" : '''';\r\n				$out .= ''</div>''."\\n";\r\n				$out .= ($teaser) ? $teaser."\\n" : '''';\r\n                                if ($full) {\r\n				  $out .= ''<p><a href="''.rex_getUrl($articleId).''">Mehr über <em>''.$name.''</em> »</a></p>'';\r\n				}\r\n\r\n				$out .= ''</div>''."\\n";\r\n				$itemCount++;\r\n				if ($howMany && $itemCount >= $howMany ) break;\r\n			}\r\n		}\r\n	}\r\n}\r\necho $out;\r\n?>', '<strong>Welche Id (leerlassen für diese Kategorie)</strong><br />\r\n<input type="text" size="50" name="VALUE[1]" value="REX_VALUE[1]" />\r\n<br /><br />\r\n\r\n<strong>Wie viele anzeigen (leerlassen für alle)</strong><br />\r\n<input type="text" size="50" name="VALUE[2]" value="REX_VALUE[2]" />\r\n', 'cafev', 'cafev', 1341091316, 1341116417, NULL, 0),
(11, '06 - Probenplan [Maske]', 0, '<div class="item-text">\r\n<?php\r\n$out ='''';\r\n\r\nif (REX_IS_VALUE[2]) {\r\n   if (REX_IS_VALUE[1]) {\r\n     $out .= ''<div class="marginalie">''."\\n";\r\n     $out .= ''<h1>'';\r\n     $out .=<<<EOD\r\nREX_HTML_VALUE[1]\r\nEOD;\r\n     $out .= ''</h1>''."\\n";\r\n     $out .= ''</div>''."\\n";\r\n  }\r\n  $out .=<<< EOD\r\nREX_HTML_VALUE[2]\r\nEOD;\r\n}\r\nif (REX_IS_VALUE[3])\r\n{\r\n$out .= ''<div class="marginalie">''."\\n";\r\n     $out .= ''<h2>Weitere Informationen</h1>''."\\n";\r\n     $out .= ''</div>''."\\n";\r\n     $out .=<<<EOD\r\n   <HR/>\r\n   REX_HTML_VALUE[3]\r\nEOD;\r\n}\r\nif ($REX[''GG'']) echo replaceMailto($out);\r\nelse   echo $out;\r\n?>	\r\n</div>', '<strong>Projekt Name</strong><br />\r\n<input type="text" size="120" name="VALUE[1]" value="REX_VALUE[1]" />\r\n<br /><br />\r\n<strong>Probenplan</strong><br />\r\n<textarea name="VALUE[2]" class="tinyMCEEditor" style="width:720px; height:150px;">\r\nREX_VALUE[2]\r\n</textarea>\r\n<br /><br />\r\n<strong>Weitere Details falls nötig</strong><br />\r\n<textarea name="VALUE[3]" class="tinyMCEEditor" style="width:720px; height:450px;">\r\nREX_VALUE[3]\r\n</textarea>', 'cafev', 'cafev', 1341091717, 1341316394, NULL, 0);

-- --------------------------------------------------------

--
-- Tabellenstruktur für Tabelle `rex_module_action`
--

CREATE TABLE IF NOT EXISTS `rex_module_action` (
  `id` int(11) NOT NULL AUTO_INCREMENT,
  `module_id` int(11) NOT NULL,
  `action_id` int(11) NOT NULL,
  `revision` int(11) NOT NULL,
  PRIMARY KEY (`id`)
) ENGINE=MyISAM DEFAULT CHARSET=utf8 AUTO_INCREMENT=1 ;

-- --------------------------------------------------------

--
-- Tabellenstruktur für Tabelle `rex_template`
--

CREATE TABLE IF NOT EXISTS `rex_template` (
  `id` int(11) NOT NULL AUTO_INCREMENT,
  `label` varchar(255) DEFAULT NULL,
  `name` varchar(255) DEFAULT NULL,
  `content` text,
  `active` tinyint(1) DEFAULT NULL,
  `createuser` varchar(255) NOT NULL,
  `updateuser` varchar(255) NOT NULL,
  `createdate` int(11) NOT NULL,
  `updatedate` int(11) NOT NULL,
  `attributes` text,
  `revision` int(11) NOT NULL,
  PRIMARY KEY (`id`)
) ENGINE=MyISAM  DEFAULT CHARSET=utf8 AUTO_INCREMENT=8 ;

--
-- Daten für Tabelle `rex_template`
--

INSERT INTO `rex_template` (`id`, `label`, `name`, `content`, `active`, `createuser`, `updateuser`, `createdate`, `updatedate`, `attributes`, `revision`) VALUES
(1, '', '01 - Template Home', '<?php\r\n\r\nrequire_once($REX[''FRONTEND_PATH''].''/inc/php/user.inc.php'');\r\nrequire_once($REX[''FRONTEND_PATH''].''/inc/php/helpers.inc.php'');\r\n\r\n$OOStartArticle = OOArticle::getArticleById($REX[''START_ARTICLE_ID''], $REX[''CUR_CLANG'']);\r\n$meta_beschreibung = $OOStartArticle->getValue("art_description");\r\n$meta_suchbegriffe = $OOStartArticle->getValue("art_keywords");\r\n\r\nif($this->getValue("art_description") != "")\r\n	$meta_beschreibung = $this->getValue("art_description");\r\n	\r\nif($this->getValue("art_keywords") != "")\r\n	$meta_suchbegriffe = $this->getValue("art_keywords");\r\n	\r\n?><!DOCTYPE html PUBLIC "-//W3C//DTD XHTML 1.0 Transitional//EN" "http://www.w3.org/TR/xhtml1/DTD/xhtml1-transitional.dtd">\r\n<html xmlns="http://www.w3.org/1999/xhtml">\r\n<head>\r\n<base href="<?php echo $REX[''SERVER''].''/''; ?>" />\r\n<meta http-equiv="Content-Type" content="text/html; charset=utf-8" />\r\n<title><?php print $REX[''SERVERNAME''].'' | ''.$this->getValue("name"); ?></title>\r\n<meta name="keywords" content="<?php print htmlspecialchars($meta_suchbegriffe); ?>" /> \r\n<meta name="description" content="<?php print htmlspecialchars($meta_beschreibung); ?>" />\r\n<meta name="google-site-verification" content="FeXmf3EhdmwdfwydRMouyYMn9O1h72mj45IESvu6RSg" />\r\n<meta name="robots" content="index, follow" />\r\n<meta http-equiv="imagetoolbar" content="no" />\r\n<meta http-equiv="content-language" content="de" />\r\n<link rel="author" title="Impressum" href="<?php echo $REX[''HTDOCS_PATH''] ?>index.php" />\r\n<link rel="top" title="Startseite" href="<?php echo $REX[''HTDOCS_PATH''] ?>index.php" />\r\n<link rel="shortcut icon" href="<?php echo $REX[''HTDOCS_PATH''] ?>inc/img/favicon-cafev.png" />\r\n<link rel="apple-touch-icon-precomposed" href="<?php echo $REX[''HTDOCS_PATH''] ?>inc/img/favicon-touch-cafev.png" />\r\n<link href="<?php echo $REX[''HTDOCS_PATH''] ?>inc/css/screen.css?t=<?php echo time() ?>" rel="stylesheet" type="text/css" media="screen,projection" />\r\n<link href="<?php echo $REX[''HTDOCS_PATH''] ?>inc/css/print.css" rel="stylesheet" type="text/css" media="print" />\r\n<script type="text/javascript" src="<?php echo $REX[''HTDOCS_PATH''] ?>inc/js/mootools-1.2.4-core-yc.js"></script>\r\n<script type="text/javascript" src="<?php echo $REX[''HTDOCS_PATH''] ?>inc/js/functions.js?t=<?php echo time() ?>"></script>\r\n<!--[if IE]>\r\n<link rel="stylesheet" type="text/css" href="<?php echo $REX[''HTDOCS_PATH''] ?>inc/ie/ie.css" media="screen,projection" />\r\n<![endif]--> \r\n<!--[if IE 7]>\r\n<link rel="stylesheet" type="text/css" href="<?php echo $REX[''HTDOCS_PATH''] ?>inc/ie/ie7.css" media="screen,projection" />\r\n<![endif]--> \r\n<!--[if lt IE 7]>\r\n<link rel="stylesheet" type="text/css" href="<?php echo $REX[''HTDOCS_PATH''] ?>inc/ie/ielt7.css" media="screen,projection" />\r\n<script type="text/javascript" src="<?php echo $REX[''HTDOCS_PATH''] ?>inc/ie/files/inc/ie/ielt7.js"></script>\r\n<![endif]--> \r\n</head>\r\n<body class="home">\r\n<div id="header">\r\n	<a href="<?php echo $REX[''HTDOCS_PATH''] ?>" id="camerata-logo">\r\n		<img src="inc/img/camerata-academica-freiburg.gif" alt="camerata academica freiburg" />\r\n	</a>\r\n	REX_TEMPLATE[2]\r\n</div>\r\n<div id="content" class="clearfix">\r\nREX_ARTICLE[]\r\nREX_TEMPLATE[3]\r\n</div>\r\n<script type="text/javascript">\r\nvar gaJsHost = (("https:" == document.location.protocol) ? "https://ssl." : "http://www.");\r\ndocument.write(unescape("%3Cscript src=''" + gaJsHost + "google-analytics.com/ga.js'' type=''text/javascript''%3E%3C/script%3E"));\r\n</script>\r\n<script type="text/javascript">\r\ntry {\r\nvar pageTracker = _gat._getTracker("UA-11986197-1");\r\npageTracker._trackPageview();\r\n} catch(err) {}</script>\r\n</body>\r\n</html>', 1, 'cafev', 'cafev', 1410085419, 1410085419, 'a:3:{s:10:"categories";a:1:{s:3:"all";s:1:"1";}s:5:"ctype";a:0:{}s:7:"modules";a:1:{i:1;a:1:{s:3:"all";s:1:"1";}}}', 0),
(2, '', '02 - Hauptnavigation', '<?php\r\n\r\n// navigation generator erstellen\r\n$mainNav = rex_navigation::factory();\r\n\r\n// ---------- HEAD NAVI\r\n\r\n// Beginne in der Wurzelkategorie\r\n// 1 Ebene Tief\r\n// Nicht aufklappen (hier egal da nur 1 Ebene)\r\n// Offline ausblenden\r\n\r\n$category_id = 0;\r\n$depth = 1;\r\n$open = FALSE;\r\n$ignore_offlines = TRUE;\r\n$menuType= 1; // 1=Hauptmenu\r\n\r\necho $mainNav->get($category_id, $depth, $open,$ignore_offlines,$menuType);\r\n\r\n?>', 0, 'admin', 'admin', 1259153784, 1259153784, 'a:2:{s:7:"modules";a:1:{i:1;a:1:{s:3:"all";s:1:"1";}}s:5:"ctype";a:0:{}}', 0),
(3, '', '03 - Interne Navigation', '<?php\r\n\r\n// navigation generator erstellen\r\n$nav = rex_navigation::factory();\r\n\r\n// ---------- INTERNE NAVI\r\n\r\n// Beginne in der Wurzelkategorie\r\n// 1 Ebene Tief\r\n// Nicht aufklappen (hier egal da nur 1 Ebene)\r\n// Offline ausblenden\r\n// Nur Subnavipunkte anzeigen (cat_type=false)\r\n\r\n$category_id = 0;\r\n$depth = 3;\r\n$open = FALSE;\r\n$ignore_offlines = TRUE;\r\nif ($this->getValue(''category_id'') == 1) {\r\n     $menuType= 4; // Footer und Kontaktmenu anzeigen auf Startseite\r\n} else {\r\n     $menuType= 2; // Nur das Footermenu anzeigen (Categorie Metainfo)\r\n}\r\necho $nav->get($category_id, $depth, $open, $ignore_offlines,$menuType);\r\n?>', 0, 'admin', 'admin', 1259667549, 1259667549, 'a:2:{s:7:"modules";a:1:{i:1;a:1:{s:3:"all";s:1:"1";}}s:5:"ctype";a:0:{}}', 0),
(4, '', '01 - Template Unterseiten', '<?php\r\n\r\nrequire_once($REX[''FRONTEND_PATH''].''/inc/php/user.inc.php'');\r\nrequire_once($REX[''FRONTEND_PATH''].''/inc/php/helpers.inc.php'');\r\n\r\n$OOStartArticle = OOArticle::getArticleById($REX[''START_ARTICLE_ID''], $REX[''CUR_CLANG'']);\r\n$meta_beschreibung = $OOStartArticle->getValue("art_description");\r\n$meta_suchbegriffe = $OOStartArticle->getValue("art_keywords");\r\n\r\nif($this->getValue("art_description") != "")\r\n	$meta_beschreibung = $this->getValue("art_description");\r\n	\r\nif($this->getValue("art_keywords") != "")\r\n	$meta_suchbegriffe = $this->getValue("art_keywords");\r\n\r\n?><!DOCTYPE html PUBLIC "-//W3C//DTD XHTML 1.0 Transitional//EN" "http://www.w3.org/TR/xhtml1/DTD/xhtml1-transitional.dtd">\r\n<html xmlns="http://www.w3.org/1999/xhtml">\r\n<head>\r\n<base href="<?php echo $REX[''SERVER''].''/''; ?>" />\r\n<meta http-equiv="Content-Type" content="text/html; charset=utf-8" />\r\n<title><?php print $REX[''SERVERNAME''].'' | ''.$this->getValue("name"); ?></title>\r\n<meta name="keywords" content="<?php print htmlspecialchars($meta_suchbegriffe); ?>" /> \r\n<meta name="description" content="<?php print htmlspecialchars($meta_beschreibung); ?>" />\r\n<meta name="robots" content="index, follow" />\r\n<meta name="google-site-verification" content="FeXmf3EhdmwdfwydRMouyYMn9O1h72mj45IESvu6RSg" />\r\n<meta http-equiv="imagetoolbar" content="no" />\r\n<meta http-equiv="content-language" content="de" />\r\n<link rel="author" title="Impressum" href="<?php echo $REX[''HTDOCS_PATH''] ?>index.php" />\r\n<link rel="top" title="Startseite" href="<?php echo $REX[''HTDOCS_PATH''] ?>index.php" />\r\n<link rel="shortcut icon" href="<?php echo $REX[''HTDOCS_PATH''] ?>inc/img/favicon-cafev.png" />\r\n<link rel="apple-touch-icon-precomposed" href="<?php echo $REX[''HTDOCS_PATH''] ?>inc/img/favicon-touch-cafev.png" />\r\n<link href="<?php echo $REX[''HTDOCS_PATH''] ?>inc/css/screen.css?t=<?php echo time() ?>" rel="stylesheet" type="text/css" media="screen,projection" />\r\n<link href="<?php echo $REX[''HTDOCS_PATH''] ?>inc/css/print.css" rel="stylesheet" type="text/css" media="print" />\r\n<script type="text/javascript" src="<?php echo $REX[''HTDOCS_PATH''] ?>inc/js/mootools-1.2.4-core-yc.js"></script>\r\n<script type="text/javascript" src="<?php echo $REX[''HTDOCS_PATH''] ?>inc/js/functions.js?t=<?php echo time() ?>"></script>\r\n<!--[if IE]>\r\n<link rel="stylesheet" type="text/css" href="<?php echo $REX[''HTDOCS_PATH''] ?>inc/ie/ie.css" media="screen,projection" />\r\n<![endif]--> \r\n<!--[if IE 7]>\r\n<link rel="stylesheet" type="text/css" href="<?php echo $REX[''HTDOCS_PATH''] ?>inc/ie/ie7.css" media="screen,projection" />\r\n<![endif]--> \r\n<!--[if lt IE 7]>\r\n<link rel="stylesheet" type="text/css" href="<?php echo $REX[''HTDOCS_PATH''] ?>inc/ie/ielt7.css" media="screen,projection" />\r\n<script type="text/javascript" src="<?php echo $REX[''HTDOCS_PATH''] ?>inc/ie/ielt7.js"></script>\r\n<![endif]--> \r\n</head>\r\n<body>\r\n<div id="header">\r\n	<a href="<?php echo $REX[''HTDOCS_PATH''] ?>" id="camerata-logo">\r\n		<img src="inc/img/camerata-academica-freiburg.gif" alt="camerata academica freiburg" />\r\n	</a>\r\n<?php\r\n$thisCat = OOCategory::getCategoryById($this->getValue(''category_id''), false);\r\nif($thisCat->getParentId() == 2) { ?>\r\n<a href="<?php echo $REX[''HTDOCS_PATH''] ?>/interessenten" id="stoerer"><img src="<?php echo $REX[''HTDOCS_PATH''] ?>files/mitglied_stoerer_2.gif" alt="Wir suchen laufend neue Mitglieder" /></a>\r\n<?php } ?>\r\n	REX_TEMPLATE[2]\r\n</div>\r\n<div id="content">\r\n	<div class="navi">\r\n		REX_TEMPLATE[5]\r\n	</div>\r\n<?php if ($REX[''SHOW_LOGIN'']) { ?>\r\n	<?php require_once($REX[''SHOW_LOGIN'']) ?>\r\n<?php } else { ?>\r\n	REX_ARTICLE[]\r\n<?php } ?>\r\n</div>\r\n<div id="footer">\r\n	REX_TEMPLATE[6]\r\n	REX_TEMPLATE[3]\r\n</div>\r\n<script type="text/javascript">\r\nvar gaJsHost = (("https:" == document.location.protocol) ? "https://ssl." : "http://www.");\r\ndocument.write(unescape("%3Cscript src=''" + gaJsHost + "google-analytics.com/ga.js'' type=''text/javascript''%3E%3C/script%3E"));\r\n</script>\r\n<script type="text/javascript">\r\ntry {\r\nvar pageTracker = _gat._getTracker("UA-11986197-1");\r\npageTracker._trackPageview();\r\n} catch(err) {}</script>\r\n</body>\r\n</html>', 1, 'cafev', 'cafev', 1410085668, 1410085668, 'a:3:{s:10:"categories";a:1:{s:3:"all";s:1:"1";}s:5:"ctype";a:0:{}s:7:"modules";a:1:{i:1;a:1:{s:3:"all";s:1:"1";}}}', 0),
(5, '', '04 - Content Navigation', '<?php\n/**\n * Wir suchen die Untercategorien - abhängig von der parentId = 0\n */\n$thisCat    = OOCategory::getCategoryById($this->getValue("category_id"));\n$thisParent = $thisCat->getParentId();\n$catId      = ($thisParent) ? $thisParent : $this->getValue("category_id");\n$childCats  = OOCategory::getChildrenById($catId,true);\n\n$ret = '''';\nif(is_array($childCats) && count($childCats)) {\n	$childCount = count($childCats);\n	$liCount    = 1;\n	$ret .= ''<ul>''."\\n";\n	foreach($childCats as $catKey => $catValue) {\n		 $catName  = $catValue->getValue(''name'');\n		 $catId    = $catValue->getValue(''id'');\n		 // $catHref  = $REX[''HTDOCS_PATH''].''index.php?article_id=''.$catId;\n		 $catHref = $catValue->getUrl();		 \n		 $catClass = ($catId == $this->getValue(''category_id'')) ? ''selected'' : '''';\n		 $liClass  = ($liCount == $childCount)?''last'':'''';\n 		 $ret 	 .= ''<li class="''.$liClass.''"><a href="''.$catHref.''" class="''.$catClass.''">''.$catName.''</a></li>''."\\n";\n	}\n	$ret .= ''</ul>''."\\n";\n}\nif (isset($REX[''LOGGED_IN'']) && $REX[''LOGGED_IN'']) {\n	$ret .= ''<ul id="logout"><li><a href="index.php?cmd=logout">logout</a></li></ul>''."\\n";\n}\necho $ret;\n?>', 0, 'cafev', 'cafev', 1410035606, 1410035606, 'a:3:{s:10:"categories";a:1:{s:3:"all";s:1:"1";}s:5:"ctype";a:0:{}s:7:"modules";a:1:{i:1;a:1:{s:3:"all";s:1:"1";}}}', 0),
(6, '', '05 - Kontakt Navigation', '<?php\r\n\r\n// navigation generator erstellen\r\n$nav = rex_navigation::factory();\r\n\r\n// ---------- CONTACT NAVI\r\n\r\n// Beginne in der Wurzelkategorie\r\n// 1 Ebene Tief\r\n// Nicht aufklappen (hier egal da nur 1 Ebene)\r\n// Offline ausblenden\r\n// Nur Subnavipunkte anzeigen (cat_type=false)\r\n\r\n$category_id = 0;\r\n$depth = 3;\r\n$open = FALSE;\r\n$ignore_offlines = FALSE;\r\n$menuType = 3;\r\n\r\necho $nav->get($category_id, $depth, $open, $ignore_offlines, $menuType);\r\n\r\n?>', 0, 'admin', 'admin', 1259154706, 1259154706, 'a:2:{s:7:"modules";a:1:{i:1;a:1:{s:3:"all";s:1:"1";}}s:5:"ctype";a:0:{}}', 0);

-- --------------------------------------------------------

--
-- Tabellenstruktur für Tabelle `rex_tinymce_profiles`
--

CREATE TABLE IF NOT EXISTS `rex_tinymce_profiles` (
  `id` int(11) unsigned NOT NULL AUTO_INCREMENT,
  `name` varchar(30) NOT NULL DEFAULT '',
  `description` varchar(255) NOT NULL DEFAULT '',
  `configuration` text NOT NULL,
  `ptype` tinyint(4) NOT NULL,
  PRIMARY KEY (`id`)
) ENGINE=MyISAM  DEFAULT CHARSET=utf8 AUTO_INCREMENT=5 ;

--
-- Daten für Tabelle `rex_tinymce_profiles`
--

INSERT INTO `rex_tinymce_profiles` (`id`, `name`, `description`, `configuration`, `ptype`) VALUES
(1, 'css', 'CSS fuer den TinyMCE', '/* ---------------------- */\r\n/* TinyMCE specific rules */\r\n/* ---------------------- */\r\nbody.mceContentBody {\r\n	background: #fff;\r\n	font-family: Verdana, Arial, Helvetica, sans-serif;\r\n	font-size: 12px;\r\n}\r\n.mceContentBody a {\r\n   color: #009 !important; /* FF requires a important here */\r\n}\r\n\r\n\r\n/* -------------------------- */\r\n/* Ab hier die eigenen Styles */\r\n/* -------------------------- */\r\np {\r\n	font-family: Verdana, Arial, Helvetica, sans-serif;\r\n	font-size: 12px;\r\n}\r\n\r\n.Beispiel1 {\r\n	font-weight: bold;\r\n	color: #c00;\r\n	font-size: 14px;\r\n}\r\n\r\n.Beispiel2 {\r\n	font-weight: bold;\r\n	color: #090;\r\n}\r\n\r\n.Beispiel3 {\r\n	font-weight: bold;\r\n	color: #009;\r\n}', 1),
(2, 'default', 'Standard TinyMCE-Konfiguration', '// Pfad zum TinyMCE-Script\r\n//\r\n// Bei der Verwendung des TinyMCE im Frontend, oder bei Installation in einem\r\n// Unterverzeichnis (z.B.: cms) muss hier evtl. der absolute Pfad angegeben werden\r\n// Im Frontend muss noch zusaetzlich jQuery eingebunden werden\r\n// z.B.: <script type="text/javascript" src="http://ajax.googleapis.com/ajax/libs/jquery/1.4/jquery.min.js"></script>\r\n//\r\nscript_url : ''%HTDOCS_PATH%files/addons/tinymce/tiny_mce/tiny_mce.js'',\r\n\r\n// Sprache\r\nlanguage: ''de'',\r\n\r\n// Theme-Optionen\r\ntheme : ''advanced'',\r\ntheme_advanced_toolbar_location : ''top'',\r\ntheme_advanced_toolbar_align : ''left'',\r\ntheme_advanced_statusbar_location : ''bottom'',\r\ntheme_advanced_resizing : true,\r\n\r\n// Plugins\r\n// inlinepopups hinzufuegen fuer Popups im Lightbox-Stil\r\n// contextmenu entfernen um das Kontext-Menue (Rechts-Klick) zu deaktivieren\r\nplugins : ''advhr,advimage,advlink,contextmenu,fullscreen,paste,preview,visualchars,redaxo,media,emotions'',\r\n\r\n// Buttons\r\ntheme_advanced_buttons1 : ''bold,italic,underline,strikethrough,sub,sup,|,forecolor,backcolor,styleselect,formatselect,|,charmap,cleanup,removeformat,|,preview,code,fullscreen'',\r\ntheme_advanced_buttons2 : ''cut,copy,paste,pastetext,pasteword,|,justifyleft,justifycenter,justifyright,justifyfull,|,bullist,numlist,|,link,unlink,redaxoMedia,redaxoEmail,anchor,|,advhr,image'',\r\ntheme_advanced_buttons3 : '''',\r\ntheme_advanced_buttons4 : '''',\r\n\r\n// Eigener CSS fuer den Tiny - hier bei Bedarf den eigenen Pfad angeben\r\ncontent_css : ''%FRONTEND_FILE%?tinymcecss=true'',\r\n\r\n//document_base_url : ''http://localhost/'',\r\n//document_base_url : ''%SERVER%'',\r\nrelative_urls : true,\r\nfile_browser_callback : ''TinyMCE_FileBrowser'',\r\n\r\n// Beispiele fuer Farben und Formatauswahl\r\n/*\r\ntheme_advanced_text_colors : ''000000,FFFFFF,CC0000,009900,000099'',\r\ntheme_advanced_default_foreground_color : ''#000000'',\r\ntheme_advanced_background_colors : ''000000,FFFFFF,CC0000,009900,000099'',\r\ntheme_advanced_default_background_color : ''#FFFFFF'',\r\ntheme_advanced_blockformats : ''Absatz=p,\\u00dcberschrift 1=h1,\\u00dcberschrift 2=h2,\\u00dcberschrift 3=h3'',\r\n*/\r\n\r\n// Groessen fuer Popup-Fenster\r\nplugin_preview_width : 800,\r\nplugin_preview_height : 600,\r\ntemplate_popup_width : 800,\r\ntemplate_popup_height : 600,\r\ntheme_advanced_source_editor_width : 800,\r\ntheme_advanced_source_editor_height : 600,\r\n\r\n// sonstige Optionen\r\nentity_encoding : ''raw'',\r\nmedia_use_script : true,\r\naccessibility_warnings : false,\r\nfix_list_elements : true,\r\ndialog_type : ''modal''\r\n', 0),
(3, 'simple', 'Einfache TinyMCE-Konfiguration', '// Pfad zum TinyMCE-Script\r\n//\r\n// Bei der Verwendung des TinyMCE im Frontend, oder bei Installation in einem\r\n// Unterverzeichnis (z.B.: cms) muss hier evtl. der absolute Pfad angegeben werden\r\n// Im Frontend muss noch zusaetzlich jQuery eingebunden werden\r\n// z.B.: <script type="text/javascript" src="http://ajax.googleapis.com/ajax/libs/jquery/1.4/jquery.min.js"></script>\r\n//\r\nscript_url : ''%HTDOCS_PATH%files/addons/tinymce/tiny_mce/tiny_mce.js'',\r\n\r\n// Sprache\r\nlanguage: ''de'',\r\n\r\n// Theme-Optionen\r\ntheme : ''advanced'',\r\ntheme_advanced_toolbar_location : ''top'',\r\ntheme_advanced_toolbar_align : ''left'',\r\ntheme_advanced_statusbar_location : ''bottom'',\r\ntheme_advanced_resizing : true,\r\n\r\n// Plugins\r\n// inlinepopups hinzufuegen fuer Popups im Lightbox-Stil\r\n// contextmenu entfernen um das Kontext-Menue (Rechts-Klick) zu deaktivieren\r\nplugins : ''advhr,advimage,advlink,contextmenu,fullscreen,paste,preview,visualchars,redaxo,media,emotions'',\r\n\r\n// Buttons\r\ntheme_advanced_buttons1 : ''bold,italic,underline,strikethrough,sub,sup,|,justifyleft,justifycenter,justifyright,justifyfull,|,bullist,numlist,|,link,unlink,redaxoMedia,redaxoEmail,anchor,|,advhr,image,|,preview'',\r\ntheme_advanced_buttons2 : '''',\r\ntheme_advanced_buttons3 : '''',\r\ntheme_advanced_buttons4 : '''',\r\n\r\n// Eigener CSS fuer den Tiny - hier bei Bedarf den eigenen Pfad angeben\r\ncontent_css : ''%FRONTEND_FILE%?tinymcecss=true'',\r\n\r\n//document_base_url : ''http://localhost/'',\r\n//document_base_url : ''%SERVER%'',\r\nrelative_urls : true,\r\nfile_browser_callback : ''TinyMCE_FileBrowser'',\r\n\r\n// Beispiele fuer Farben und Formatauswahl\r\n/*\r\ntheme_advanced_text_colors : ''000000,FFFFFF,CC0000,009900,000099'',\r\ntheme_advanced_default_foreground_color : ''#000000'',\r\ntheme_advanced_background_colors : ''000000,FFFFFF,CC0000,009900,000099'',\r\ntheme_advanced_default_background_color : ''#FFFFFF'',\r\ntheme_advanced_blockformats : ''Absatz=p,\\u00dcberschrift 1=h1,\\u00dcberschrift 2=h2,\\u00dcberschrift 3=h3'',\r\n*/\r\n\r\n// Groessen fuer Popup-Fenster\r\nplugin_preview_width : 800,\r\nplugin_preview_height : 600,\r\ntemplate_popup_width : 800,\r\ntemplate_popup_height : 600,\r\ntheme_advanced_source_editor_width : 800,\r\ntheme_advanced_source_editor_height : 600,\r\n\r\n// sonstige Optionen\r\nentity_encoding : ''raw'',\r\nmedia_use_script : true,\r\naccessibility_warnings : false,\r\nfix_list_elements : true,\r\ndialog_type : ''modal''\r\n', 0),
(4, 'table', 'Standard TinyMCE-Konfiguration mit Tabellen', '// Pfad zum TinyMCE-Script\r\n//\r\n// Bei der Verwendung des TinyMCE im Frontend, oder bei Installation in einem\r\n// Unterverzeichnis (z.B.: cms) muss hier evtl. der absolute Pfad angegeben werden\r\n// Im Frontend muss noch zusaetzlich jQuery eingebunden werden\r\n// z.B.: <script type="text/javascript" src="http://ajax.googleapis.com/ajax/libs/jquery/1.4/jquery.min.js"></script>\r\n//\r\nscript_url : ''%HTDOCS_PATH%files/addons/tinymce/tiny_mce/tiny_mce.js'',\r\n\r\n// Sprache\r\nlanguage: ''de'',\r\n\r\n// Theme-Optionen\r\ntheme : ''advanced'',\r\ntheme_advanced_toolbar_location : ''top'',\r\ntheme_advanced_toolbar_align : ''left'',\r\ntheme_advanced_statusbar_location : ''bottom'',\r\ntheme_advanced_resizing : true,\r\n\r\n// Plugins\r\n// inlinepopups hinzufuegen fuer Popups im Lightbox-Stil\r\n// contextmenu entfernen um das Kontext-Menue (Rechts-Klick) zu deaktivieren\r\nplugins : ''advhr,advimage,advlink,contextmenu,fullscreen,paste,preview,visualchars,redaxo,media,emotions,table'',\r\n\r\n// Buttons\r\ntheme_advanced_buttons1 : ''bold,italic,underline,strikethrough,sub,sup,|,forecolor,backcolor,styleselect,formatselect,|,charmap,cleanup,removeformat,|,preview,code,fullscreen'',\r\ntheme_advanced_buttons2 : ''cut,copy,paste,pastetext,pasteword,|,justifyleft,justifycenter,justifyright,justifyfull,|,bullist,numlist,|,link,unlink,redaxoMedia,redaxoEmail,anchor,|,advhr,image'',\r\ntheme_advanced_buttons3 : ''tablecontrols'',\r\ntheme_advanced_buttons4 : '''',\r\n\r\n// Eigener CSS fuer den Tiny - hier bei Bedarf den eigenen Pfad angeben\r\ncontent_css : ''%FRONTEND_FILE%?tinymcecss=true'',\r\n\r\n//document_base_url : ''http://localhost/'',\r\n//document_base_url : ''%SERVER%'',\r\nrelative_urls : true,\r\nfile_browser_callback : ''TinyMCE_FileBrowser'',\r\n\r\n// Beispiele fuer Farben und Formatauswahl\r\n/*\r\ntheme_advanced_text_colors : ''000000,FFFFFF,CC0000,009900,000099'',\r\ntheme_advanced_default_foreground_color : ''#000000'',\r\ntheme_advanced_background_colors : ''000000,FFFFFF,CC0000,009900,000099'',\r\ntheme_advanced_default_background_color : ''#FFFFFF'',\r\ntheme_advanced_blockformats : ''Absatz=p,\\u00dcberschrift 1=h1,\\u00dcberschrift 2=h2,\\u00dcberschrift 3=h3'',\r\n*/\r\n\r\n// Groessen fuer Popup-Fenster\r\nplugin_preview_width : 800,\r\nplugin_preview_height : 600,\r\ntemplate_popup_width : 800,\r\ntemplate_popup_height : 600,\r\ntheme_advanced_source_editor_width : 800,\r\ntheme_advanced_source_editor_height : 600,\r\n\r\n// sonstige Optionen\r\nentity_encoding : ''raw'',\r\nmedia_use_script : true,\r\naccessibility_warnings : false,\r\nfix_list_elements : true,\r\ndialog_type : ''modal''\r\n', 0);

-- --------------------------------------------------------

--
-- Tabellenstruktur für Tabelle `rex_user`
--

CREATE TABLE IF NOT EXISTS `rex_user` (
  `user_id` int(11) NOT NULL AUTO_INCREMENT,
  `name` varchar(255) DEFAULT NULL,
  `description` text,
  `login` varchar(50) NOT NULL,
  `psw` varchar(50) NOT NULL,
  `status` varchar(5) NOT NULL,
  `rights` text NOT NULL,
  `login_tries` tinyint(4) DEFAULT '0',
  `createuser` varchar(255) NOT NULL,
  `updateuser` varchar(255) NOT NULL,
  `createdate` int(11) NOT NULL,
  `updatedate` int(11) NOT NULL,
  `lasttrydate` int(11) DEFAULT '0',
  `session_id` varchar(255) DEFAULT NULL,
  `cookiekey` varchar(255) DEFAULT NULL,
  `revision` int(11) NOT NULL,
  PRIMARY KEY (`user_id`)
) ENGINE=MyISAM  DEFAULT CHARSET=utf8 AUTO_INCREMENT=15 ;

--
-- Daten für Tabelle `rex_user`
--

INSERT INTO `rex_user` (`user_id`, `name`, `description`, `login`, `psw`, `status`, `rights`, `login_tries`, `createuser`, `updateuser`, `createdate`, `updatedate`, `lasttrydate`, `session_id`, `cookiekey`, `revision`) VALUES
(1, 'Administrator', '', 'admin', '934c0deba77aeb88bd2510bc55207b338635fdd9', '1', '#admin[]#', 0, 'setup', 'cafev', 1259585724, 1382577312, 1410124733, '', NULL, 0),
(2, 'CafevAdmin', '', 'cafev', '586ca826eb43bce4f669460e9dbd8028f24de0e1', '1', '#admin[]#image_resize[]#import_export[export]#import_export[import]#mediapool[]#phpmailer[]#textile[]#tiny_mce[]#accesskeys[]#advancedMode[]#article2startpage[]#be_search[mediapool]#be_search[structure]#copyArticle[]#copyContent[]#moveArticle[]#moveCategory[]#moveSlice[]#publishArticle[]#publishCategory[]#textile[help]#be_lang[default]#', 0, 'setup', 'cafev', 1259585724, 1395885108, 1410123425, '3b8ur4usi4p4q3trhvmsqg8g47', NULL, 0),
(4, 'Claus-Justus', 'Kassenwart & Blah', 'claus', '5bf1fd927dfb8679496a2e6cf00cbe50c1c87145', '1', '#csw[0]#media[0]#be_dashboard[]#image_manager[]#image_resize[]#import_export[export]#phpmailer[]#textile[]#tinymce[]#accesskeys[]#advancedMode[]#article2category[]#article2startpage[]#be_search[mediapool]#be_search[structure]#copyArticle[]#copyContent[]#moveArticle[]#moveCategory[]#moveSlice[]#publishArticle[]#publishCategory[]#textile[help]#clang[0]#module[1]#module[2]#module[3]#module[5]#module[7]#module[8]#module[4]#module[6]#module[9]#module[11]#module[10]#', 0, 'cafev', 'cafev', 1309799958, 1410119987, 1410124954, 'pjooecuv3nuq64i721jseskbm5', NULL, 0),
(3, 'Katharina', '', 'Katharina', 'd5149839332ef9a4849069c0f1ac97aad35dc109', '1', '#csw[0]#media[0]#image_resize[]#import_export[export]#import_export[import]#mediapool[]#phpmailer[]#textile[]#tiny_mce[]#accesskeys[]#advancedMode[]#article2startpage[]#be_search[mediapool]#be_search[structure]#copyArticle[]#copyContent[]#moveArticle[]#moveCategory[]#moveSlice[]#publishArticle[]#publishCategory[]#textile[help]#clang[0]#module[1]#module[2]#module[3]#module[5]#module[7]#module[8]#module[4]#module[6]#module[9]#module[11]#module[10]#', 0, 'admin', 'cafev', 1264776343, 1352459009, 1406300266, '', NULL, 0),
(5, 'Georg', '', 'georg', '36700c91ee5940ca2ba6dbd490006713f99ae952', '1', '#csw[0]#media[0]#image_resize[]#import_export[export]#import_export[import]#mediapool[]#phpmailer[]#textile[]#tiny_mce[]#accesskeys[]#advancedMode[]#article2startpage[]#be_search[mediapool]#be_search[structure]#copyArticle[]#copyContent[]#moveArticle[]#moveCategory[]#moveSlice[]#publishArticle[]#publishCategory[]#textile[help]#clang[0]#module[1]#module[2]#module[3]#module[5]#module[7]#module[8]#module[4]#module[6]#module[9]#module[11]#module[10]#', 0, 'cafev', 'cafev', 1339955037, 1341109652, 1367596607, 'stb0o81q3sec1adq4k4csvost7', NULL, 0),
(6, 'Martina', '', 'martina', '36700c91ee5940ca2ba6dbd490006713f99ae952', '1', '#csw[0]#media[0]#image_resize[]#import_export[export]#import_export[import]#mediapool[]#phpmailer[]#textile[]#tiny_mce[]#accesskeys[]#advancedMode[]#article2startpage[]#be_search[mediapool]#be_search[structure]#copyArticle[]#copyContent[]#moveArticle[]#moveCategory[]#moveSlice[]#publishArticle[]#publishCategory[]#textile[help]#clang[0]#module[1]#module[2]#module[3]#module[5]#module[7]#module[8]#module[4]#module[6]#module[9]#module[11]#module[10]#', 0, 'cafev', 'cafev', 1339955065, 1341109705, 1341934873, 'er57u77o62l2qmu4149mmeoqi1', NULL, 0),
(13, 'Astrid Pechmann', '', 'astrid', 'd8e07f5ec9061e7b5cafcab723c1c2672b948c7a', '1', '#csw[0]#media[0]#image_resize[]#import_export[export]#import_export[import]#mediapool[]#phpmailer[]#textile[]#tiny_mce[]#accesskeys[]#advancedMode[]#article2startpage[]#be_search[mediapool]#be_search[structure]#copyArticle[]#copyContent[]#moveArticle[]#moveCategory[]#moveSlice[]#publishArticle[]#publishCategory[]#textile[help]#clang[0]#module[1]#module[2]#module[3]#module[5]#module[7]#module[8]#module[4]#module[6]#module[9]#module[11]#module[10]#', 0, 'cafev', '', 1408555475, 0, 0, NULL, NULL, 0),
(14, 'Uschi Kemeny', '', 'uschi', 'd6aaa547f6f7760c651dbffa12a0449980cfe155', '1', '#csw[0]#media[0]#image_resize[]#import_export[export]#import_export[import]#mediapool[]#phpmailer[]#textile[]#tiny_mce[]#accesskeys[]#advancedMode[]#article2startpage[]#be_search[mediapool]#be_search[structure]#copyArticle[]#copyContent[]#moveArticle[]#moveCategory[]#moveSlice[]#publishArticle[]#publishCategory[]#clang[0]#module[1]#module[2]#module[3]#module[5]#module[7]#module[8]#module[4]#module[6]#module[9]#module[11]#module[10]#be_lang[default]#', 0, 'cafev', 'uschi', 1408555507, 1408720752, 1408720680, '', NULL, 0),
(12, 'Michael Roßnagel', '', 'michael', 'd8e07f5ec9061e7b5cafcab723c1c2672b948c7a', '1', '#csw[0]#media[0]#image_resize[]#import_export[export]#import_export[import]#mediapool[]#phpmailer[]#textile[]#tiny_mce[]#accesskeys[]#advancedMode[]#article2startpage[]#be_search[mediapool]#be_search[structure]#copyArticle[]#copyContent[]#moveArticle[]#moveCategory[]#moveSlice[]#publishArticle[]#publishCategory[]#textile[help]#clang[0]#module[1]#module[2]#module[3]#module[5]#module[7]#module[8]#module[4]#module[6]#module[9]#module[11]#module[10]#', 0, 'cafev', '', 1408555434, 0, 0, NULL, NULL, 0),
(11, 'Matthieu Dvorak', '', 'matthieu', '4ed3920cf9ea6740f5942a0534ec4395408e39cc', '1', '#csw[0]#media[0]#image_resize[]#import_export[export]#import_export[import]#mediapool[]#phpmailer[]#textile[]#tiny_mce[]#advancedMode[]#article2startpage[]#be_search[mediapool]#be_search[structure]#copyArticle[]#copyContent[]#moveArticle[]#moveCategory[]#moveSlice[]#publishArticle[]#publishCategory[]#textile[help]#clang[0]#module[1]#module[2]#module[3]#module[5]#module[7]#module[8]#module[4]#module[6]#module[9]#module[11]#module[10]#be_lang[default]#', 0, 'cafev', 'matthieu', 1394651431, 1395066501, 1409331737, '', NULL, 0);

-- --------------------------------------------------------

--
-- Tabellenstruktur für Tabelle `rex_xform_email_template`
--

CREATE TABLE IF NOT EXISTS `rex_xform_email_template` (
  `id` int(11) NOT NULL AUTO_INCREMENT,
  `name` varchar(255) NOT NULL DEFAULT '',
  `mail_from` varchar(255) NOT NULL DEFAULT '',
  `mail_from_name` varchar(255) NOT NULL DEFAULT '',
  `subject` varchar(255) NOT NULL DEFAULT '',
  `body` text NOT NULL,
  `body_html` text NOT NULL,
  `attachments` text NOT NULL,
  PRIMARY KEY (`id`)
) ENGINE=MyISAM DEFAULT CHARSET=utf8 AUTO_INCREMENT=1 ;

-- --------------------------------------------------------

--
-- Tabellenstruktur für Tabelle `rex_xform_field`
--

CREATE TABLE IF NOT EXISTS `rex_xform_field` (
  `id` int(11) NOT NULL AUTO_INCREMENT,
  `table_name` varchar(100) NOT NULL,
  `prio` int(11) NOT NULL,
  `type_id` varchar(100) NOT NULL,
  `type_name` varchar(100) NOT NULL,
  `list_hidden` tinyint(1) NOT NULL,
  `search` tinyint(1) NOT NULL,
  `name` text NOT NULL,
  `label` text NOT NULL,
  PRIMARY KEY (`id`)
) ENGINE=MyISAM DEFAULT CHARSET=utf8 AUTO_INCREMENT=1 ;

-- --------------------------------------------------------

--
-- Tabellenstruktur für Tabelle `rex_xform_relation`
--

CREATE TABLE IF NOT EXISTS `rex_xform_relation` (
  `id` int(11) NOT NULL AUTO_INCREMENT,
  `source_table` varchar(100) NOT NULL,
  `source_name` varchar(100) NOT NULL,
  `source_id` int(11) NOT NULL,
  `target_table` varchar(100) NOT NULL,
  `target_id` int(11) NOT NULL,
  PRIMARY KEY (`id`)
) ENGINE=MyISAM DEFAULT CHARSET=utf8 AUTO_INCREMENT=1 ;

-- --------------------------------------------------------

--
-- Tabellenstruktur für Tabelle `rex_xform_table`
--

CREATE TABLE IF NOT EXISTS `rex_xform_table` (
  `id` int(11) NOT NULL AUTO_INCREMENT,
  `status` tinyint(1) NOT NULL,
  `table_name` varchar(100) NOT NULL,
  `name` varchar(100) NOT NULL,
  `description` text NOT NULL,
  `list_amount` tinyint(3) unsigned NOT NULL DEFAULT '50',
  `prio` int(11) NOT NULL,
  `search` tinyint(1) NOT NULL,
  `hidden` tinyint(1) NOT NULL,
  `export` tinyint(1) NOT NULL,
  `import` tinyint(1) NOT NULL,
  PRIMARY KEY (`id`),
  UNIQUE KEY `table_name` (`table_name`)
) ENGINE=MyISAM DEFAULT CHARSET=utf8 AUTO_INCREMENT=1 ;

/*!40101 SET CHARACTER_SET_CLIENT=@OLD_CHARACTER_SET_CLIENT */;
/*!40101 SET CHARACTER_SET_RESULTS=@OLD_CHARACTER_SET_RESULTS */;
/*!40101 SET COLLATION_CONNECTION=@OLD_COLLATION_CONNECTION */;
